MLS_ID,address,list_price,sold_price,house_type,bedrooms,bathrooms,dom,built_year,garage_type,Liv Area sqft,latitude,longitude,neighborhood,sqft,listing_date,season,region,original_price,lot_size
202509796,"570 Walker Avenue, Winnipeg R3L 1C4","\$334,900","\$401,570",RD,2,1.0,6,1909,Parking Pad,1025,0.0,0.0,Lord Roberts,1025.0,2025-06-11,Summer,Lord Roberts,"\$334,900",0
202509555,"1149 McMillan Avenue, Winnipeg R3M 0T7","\$339,900","\$355,000",RD,1,1.0,9,1946,Single Detached,700,0.0,0.0,Crescentwood,700.0,2025-06-11,Summer,Crescentwood,"\$339,900",0
202508543,"108 Brock Street, Winnipeg R3N 0Y4","\$724,900","\$725,000",RD,3,1.0,7,1927,Single Attached,2361,0.0,0.0,River Heights North,2361.0,2025-06-11,Summer,River Heights North,"\$724,900",0
202511580,"120 Lanark Street, Winnipeg R3N 1L1","\$399,900","\$418,500",RD,2,1.0,6,1923,Double Detached,1001,0.0,0.0,River Heights,1001.0,2025-06-11,Summer,River Heights,"\$399,900",0
202510849,"703 Brock Street, Winnipeg R3N 0Z3","\$524,900","\$518,500",RD,3,1.0,8,1953,Double Attached,1130,0.0,0.0,River Heights South,1130.0,2025-06-11,Summer,River Heights South,"\$524,900",0
202511672,"699 Oxford Street, Winnipeg R3M 3J3","\$399,900","\$494,000",RD,5,1.0,5,1957,Single Detached,1545,0.0,0.0,River Heights,1545.0,2025-06-11,Summer,River Heights,"\$399,900",0
202509406,"694 Park Boulevard S, Winnipeg R3P 0X1","\$1,549,900","\$1,450,000",RD,4,1.0,2,1982,Double Attached,3208,0.0,0.0,Tuxedo,3208.0,2025-06-11,Summer,Tuxedo,"\$1,549,900",0
202513358,"6021 Southboine Drive, Winnipeg R3R 0B5","\$970,000","\$955,000",RD,4,1.0,0,1972,Double Attached,1580,0.0,0.0,Charleswood,1580.0,2025-06-11,Summer,Charleswood,"\$970,000",0
202511061,"26 Willow Ridge Road, Winnipeg R3R 1L6","\$497,900","\$555,000",RD,4,1.0,8,1961,"Double Attached, Front Drive Access, Garage door opener",1342,0.0,0.0,Charleswood,1342.0,2025-06-11,Summer,Charleswood,"\$497,900",0
202511198,"18 Tillbrook Place, Winnipeg R3R 1W2","\$1,095,000","\$1,265,000",RD,5,1.0,9,2015,"Double Attached, Garage door opener, Insulated, Oversized, Workshop",2200,0.0,0.0,Charleswood,2200.0,2025-06-11,Summer,Charleswood,"\$1,095,000",0
202513254,"62 Civic Street, Winnipeg R3R 3M6","\$650,000","\$650,000",RD,4,1.0,0,1988,Double Attached,2051,0.0,0.0,Charleswood,2051.0,2025-06-11,Summer,Charleswood,"\$650,000",0
202510475,"617 Coventry Road, Winnipeg R3R 1B5","\$379,900","\$465,000",RD,3,1.0,8,1970,"Front Drive Access, Parking Pad",1097,0.0,0.0,Charleswood,1097.0,2025-06-11,Summer,Charleswood,"\$379,900",0
202510632,"179 Joynson Crescent, Winnipeg R3R 3Y4","\$609,000","\$685,000",RD,4,1.0,6,2019,"Double Attached, Insulated",1440,0.0,0.0,Charleswood,1440.0,2025-06-11,Summer,Charleswood,"\$609,000",0
202509056,"7 Alora Cove, Winnipeg R3R 4A3","\$579,900","\$560,000",RD,3,1.0,21,2024,Double Attached; Enclsd: 2,1496,0.0,0.0,Charleswood,1496.0,2025-06-11,Summer,Charleswood,"\$579,900",0
202507919,"167 Joynson Crescent, Winnipeg R3R 2W9","\$624,800","\$624,800",RD,5,1.0,7,2019,Double Attached,1851,0.0,0.0,Charleswood,1851.0,2025-06-11,Summer,Charleswood,"\$624,800",0
202510691,"107 Yellow Rail Crescent, Winnipeg R3R 3Z3","\$649,900","\$638,000",RD,5,1.0,8,2022,"Double Attached, Front Drive Access",1661,0.0,0.0,Charleswood,1661.0,2025-06-11,Summer,Charleswood,"\$649,900",0
202511232,"144 Wildwood C Park, Winnipeg R3T 0E1","\$699,900","\$840,000",RD,5,1.0,7,1947,"Single Detached, Oversized",2124,0.0,0.0,Wildwood,2124.0,2025-06-11,Summer,Wildwood,"\$699,900",0
202511512,"136 Wildwood C Park, Winnipeg R3T 0E1","\$499,800","\$541,136",RD,3,1.0,7,1947,Double Detached,1152,0.0,0.0,Wildwood,1152.0,2025-06-11,Summer,Wildwood,"\$499,800",0
202510960,"921 Merriam Boulevard, Winnipeg R3T 0V2","\$344,900","\$387,000",RD,4,1.0,10,1946,Single Detached,1387,0.0,0.0,East Fort Garry,1387.0,2025-06-11,Summer,East Fort Garry,"\$344,900",0
202506093,"1030 Howard Avenue, Winnipeg R3T 1S2","\$282,900","\$270,000",RD,2,1.0,49,1954,Single Detached,720,0.0,0.0,West Fort Garry,720.0,2025-06-11,Summer,West Fort Garry,"\$282,900",0
202508419,"3 St Edmund's Bay, Winnipeg R3T 3M5","\$619,900","\$610,000",RD,4,1.0,33,1971,Double Attached,nan,0.0,0.0,Fort Richmond,0.0,2025-06-11,Summer,Fort Richmond,"\$619,900",0
202511366,"43 Celtic Bay, Winnipeg R3T 2W8","\$399,900","\$447,000",RD,6,1.0,7,1965,"Single Detached, Carport",1058,0.0,0.0,Fort Richmond,1058.0,2025-06-11,Summer,Fort Richmond,"\$399,900",0
202505563,"90 Kings Drive, Winnipeg R3T 3E5","\$799,900","\$730,000",RD,2,1.0,35,1941,"Single Attached, Front Drive Access",1131,0.0,0.0,Fort Richmond,1131.0,2025-06-11,Summer,Fort Richmond,"\$799,900",0
202509727,"7 Grimston Road, Winnipeg R3T 3T2","\$389,900","\$484,000",RD,5,1.0,6,1975,"Front Drive Access, Parking Pad, Plug-In",1204,0.0,0.0,Fort Richmond,1204.0,2025-06-11,Summer,Fort Richmond,"\$389,900",0
202511307,"1002 Chancellor Drive, Winnipeg R3T 4S1","\$299,900","\$350,500",SA,3,1.0,7,1978,Parking Pad,1156,0.0,0.0,Waverley Heights,1156.0,2025-06-11,Summer,Waverley Heights,"\$299,900",0
202513203,"48 East Lake Drive, Winnipeg R3T 4V5","\$320,000","\$320,000",SA,3,1.0,0,1979,Front Drive Access,800,0.0,0.0,Waverley Heights,800.0,2025-06-11,Summer,Waverley Heights,"\$320,000",0
202509388,"23 Wankling Court, Winnipeg R3P 2P8","\$899,900","\$950,000",RD,3,1.0,8,2006,"Double Attached, Front Drive Access, Garage door opener, Paved Driveway",2473,0.0,0.0,Linden Woods,2473.0,2025-06-11,Summer,Linden Woods,"\$899,900",0
202511322,"118 Prairie Sky Drive, Winnipeg R3Y 0G6","\$629,900","\$690,000",RD,5,1.0,7,2011,Double Attached,2171,0.0,0.0,South Pointe,2171.0,2025-06-11,Summer,South Pointe,"\$629,900",0
202506560,"118 Fossil Creek Crescent, Winnipeg R3Y 2J9","\$589,900","\$589,900",RD,4,1.0,49,2025,Double Attached,1745,0.0,0.0,Prairie Pointe,1745.0,2025-06-11,Summer,Prairie Pointe,"\$589,900",0
202421185,"120 Lindenshore Drive , Winnipeg R3P 2M9","\$3,499,000","\$3,200,000",RD,5,1.0,202,2000,Multiple Attached,4400,0.0,0.0,Linden Woods,4400.0,2025-06-11,Summer,Linden Woods,"\$3,499,000",0
202511345,"15 Leander Crescent , Winnipeg R3Y 1W5","\$589,900","\$640,015",RD,4,1.0,8,2002,Double Attached,1794,0.0,0.0,Whyte Ridge,1794.0,2025-06-11,Summer,Whyte Ridge,"\$589,900",0
202508295,"147 Apple Hill Road , Winnipeg R3Y 1A3","\$589,900","\$579,000",RD,4,1.0,8,1987,"Double Attached, Front Drive Access, Paved Driveway",1736,0.0,0.0,Whyte Ridge,1736.0,2025-06-11,Summer,Whyte Ridge,"\$589,900",0
202509503,"116 Le Maire Street , Winnipeg R3V 1C9","\$234,900","\$270,200",SA,3,1.0,6,1972,"Parking Pad, Rear Drive Access, Unpaved Driveway",928,0.0,0.0,Grandmont Park,928.0,2025-06-11,Summer,Grandmont Park,"\$234,900",0
202510836,"281 Appleford Gate , Winnipeg R3Y 0S5","\$559,900","\$547,000",RD,3,1.0,10,2015,Double Detached,1615,0.0,0.0,Bridgwater Trails,1615.0,2025-06-11,Summer,Bridgwater Trails,"\$559,900",0
202511093,"131 Lake Bend Road , Winnipeg R3Y 0M4","\$799,900","\$851,000",RD,5,1.0,7,2014,Double Attached,nan,0.0,0.0,Bridgwater Lakes,0.0,2025-06-11,Summer,Bridgwater Lakes,"\$799,900",0
202509790,"8500 Roblin Boulevard , Headingley R4J 1B3","\$529,900","\$517,500",RD,2,1.0,8,1973,Multiple Detached,2230,0.0,0.0,Headingley South,2230.0,2025-06-11,Summer,Headingley South,"\$529,900",0
202511301,"219 Dumoulin Street , Winnipeg R2H 0E4","\$349,900","\$451,000",RD,3,1.0,8,1949,Double Detached,nan,0.0,0.0,St Boniface,0.0,2025-06-11,Summer,St Boniface,"\$349,900",0
202510855,"41 West Fernwood Avenue , Winnipeg R2M 1W7","\$339,900","\$440,441",RD,2,1.0,7,1928,"Single Detached, Front Drive Access, Garage door opener, Oversized, Paved Driveway",779,0.0,0.0,Norberry,779.0,2025-06-11,Summer,Norberry,"\$339,900",0
202511397,"50 Tyrone Bay , Winnipeg R2M 4R2","\$429,900","\$473,000",RD,3,1.0,12,1975,Single Attached,1204,0.0,0.0,Pulberry,1204.0,2025-06-11,Summer,Pulberry,"\$429,900",0
202511581,"20 Cunnington Avenue , Winnipeg R2M 0W5","\$469,900","\$512,174",RD,4,1.0,6,1927,Double Detached,2080,0.0,0.0,Elm Park,2080.0,2025-06-11,Summer,Elm Park,"\$469,900",0
202510588,"366 Riel Avenue , Winnipeg R2M 4P1","\$414,900","\$435,000",RD,4,1.0,9,1975,Single Attached,1116,0.0,0.0,Bright Oaks,1116.0,2025-06-11,Summer,Bright Oaks,"\$414,900",0
202510609,"107 Hindley Avenue , Winnipeg R2M 1P6","\$319,900","\$450,250",RD,3,1.0,8,1951,Double Detached,856,0.0,0.0,St Vital,856.0,2025-06-11,Summer,St Vital,"\$319,900",0
202506000,"299 Redwood Avenue , Winnipeg R2W 1S1","\$67,000","\$65,500",RD,3,1.0,5,0,Single Detached,1000,0.0,0.0,North End,1000.0,2025-06-11,Summer,North End,"\$67,000",0
202511698,"648 Niagara Street , Winnipeg R3N 0V4","\$629,900","\$720,000",RD,3,1.0,4,1926,nan,nan,0.0,0.0,Crescentwood,0.0,2025-06-11,Summer,Crescentwood,"\$629,900",0
202508223,"502 Kingsford Avenue , Winnipeg R2G 0K2","\$299,900","\$367,000",RD,3,1.0,8,1955,Single Detached,1358,0.0,0.0,East Kildonan,1358.0,2025-06-11,Summer,East Kildonan,"\$299,900",0
202511324,"10 Inman Avenue , Winnipeg R2M 0R5","\$299,900","\$335,533",SA,2,1.0,7,1978,Parking Pad,nan,0.0,0.0,St Vital,0.0,2025-06-11,Summer,St Vital,"\$299,900",0
202511382,"15 Worthington Avenue , Winnipeg R2M 1G6","\$399,900","\$494,000",RD,3,1.0,6,1971,Double Detached,nan,0.0,nan,nan,0.0,2025-06-11,Summer,nan,"\$399,900",0
202513038,"25 Sadler Avenue , Winnipeg R2M1N6","\$340,000","\$340,000",RD,4,1.0,0,0,Front & Rear Drive Access,1525,0.0,0.0,St Vital,1525.0,2025-06-11,Summer,St Vital,"\$340,000",0
202510048,"46 John Neufeld Crescent , Winnipeg R3T 2W8","\$579,900","\$560,000",RD,4,1.0,21,2024,Double Attached,nan,0.0,0.0,Fort Richmond,0.0,2025-06-11,Summer,Fort Richmond,"\$579,900",0
202511512,"136 Wildwood C Park , Winnipeg R3T 0E1","\$499,800","\$541,136",RD,3,1.0,7,1947,nan,1152,0.0,0.0,Wildwood,1152.0,2025-06-11,Summer,Wildwood,"\$499,800",0
202510067,"91 Gemini Avenue , Winnipeg R2G 0T7","\$399,900","\$418,000",RD,3,1.0,7,0,"Single Detached, Oversized, Parking Pad, Rear Drive Access",nan,0.0,0.0,North Kildonan,0.0,2025-06-11,Summer,North Kildonan,"\$399,900",0
202510004,"32 Stone Meadow Road , Winnipeg R3Y 1S4","\$599,900","\$599,900",RD,3,1.0,9,2017,Double Attached,nan,0.0,0.0,Bridgwater Trails,0.0,2025-06-11,Summer,Bridgwater Trails,"\$599,900",0
202510464,"4921 Eldridge Avenue , Winnipeg R3R 0M4","\$499,900","\$545,000",RD,3,1.0,7,1969,"Single Detached, Front Drive Access",1128,0.0,0.0,Charleswood,1128.0,2025-06-11,Summer,Charleswood,"\$499,900",0
202513908,10 Neptune Bay,Winnipeg R3T 0Z7,\$299,900,\$350,0.0,RD,0,2,nan,nan,nan,nan,0.0,2025-06-11,Summer,nan,Winnipeg R3T 0Z7,0
202513202,"405 Churchill Drive , Winnipeg R3L 1W2",524900,601405,RD,3,2.0,9,1954,Double Detached,1472,Fort Rouge,nan,nan,1472.0,2025-06-11,Summer,nan,524900,0
202513082,"853 Nassau Street S, Winnipeg R3L 2N1",224900,232500,RD,2,1.0,12,1909,"Carport, Rear Drive Access",800,Fort Rouge,nan,nan,800.0,2025-06-11,Summer,nan,224900,0
202511521,"324 Morley Avenue , Winnipeg R3L 0Y5",299900,292500,RD,3,2.0,12,1913,"Rear Drive Access, Unpaved Driveway",1202,Fort Rouge,nan,nan,1202.0,2025-06-11,Summer,nan,299900,0
202513491,"515 Wardlaw Avenue , Winnipeg R3L 0L9",599990,600000,RD,4,2.0,0,1905,"Single Detached, Parking Pad",2018,Osborne Village,nan,nan,2018.0,2025-06-11,Summer,nan,599990,0
202509071,"724 Ebby Avenue , Winnipeg R3M 2H6",249900,239900,RD,2,1.0,32,1947,"Single Detached, Rear Drive Access",700,Crescentwood,nan,nan,700.0,2025-06-11,Summer,nan,249900,0
202510991,"866 Garwood Avenue , Winnipeg R3M 1N5",309900,337000,RD,2,2.0,7,1930,"Single Detached, Garage door opener, Parking Pad",712,Crescentwood,nan,nan,712.0,2025-06-11,Summer,nan,309900,0
202513121,"1229 Corydon Avenue , Winnipeg R3M 0X6",349900,400000,RD,5,2.0,6,1950,"Plug-In, Rear Drive Access",1210,Crescentwood,nan,nan,1210.0,2025-06-11,Summer,nan,349900,0
202513433,"341 Oxford Street , Winnipeg R3M 3H9",1149900,1270000,RD,4,4.0,7,1929,Double Detached,2500,River Heights North,nan,nan,2500.0,2025-06-11,Summer,nan,1149900,0
202513663,"768 Borebank Street , Winnipeg R3N 1G4",599900,651600,RD,3,2.0,9,1954,Double Detached,1361,River Heights,nan,nan,1361.0,2025-06-11,Summer,nan,599900,0
202513169,"870 Borebank Street , Winnipeg R3N 1G6",479900,480000,RD,3,2.0,8,1960,"Double Detached, Parking Pad",1122,River Heights South,nan,nan,1122.0,2025-06-11,Summer,nan,479900,0
202510896,"674 Waverley Street , Winnipeg R3M 3L6",524900,642500,RD,3,2.0,10,1957,Double Detached,1600,River Heights South,nan,nan,1600.0,2025-06-11,Summer,nan,524900,0
202511280,"520 Centennial Street , Winnipeg R3N 1P9",309900,360000,SA,3,2.0,9,1988,Parking Pad,1072,River Heights,nan,nan,1072.0,2025-06-11,Summer,nan,309900,0
202508831,"1564 Mathers Bay W, Winnipeg R3N 0T7",799900,760000,RD,5,3.0,28,1973,Double Attached,2702,River Heights,nan,nan,2702.0,2025-06-11,Summer,nan,799900,0
202512743,"779 Renfrew Street , Winnipeg R3N 1K3",395000,461000,RD,3,1.0,10,1957,Double Detached,1000,River Heights,nan,nan,1000.0,2025-06-11,Summer,nan,395000,0
202512722,"141 Park Place W, Winnipeg R3P 2C8",990000,1160000,RD,4,4.0,8,1992,"Double Attached, Front Drive Access, Insulated",2750,Tuxedo,nan,nan,2750.0,2025-06-11,Summer,nan,990000,0
202513607,"857 Community Row , Winnipeg R3R 1H9",399900,437000,RD,3,1.0,8,1971,Double Detached,1050,Charleswood,nan,nan,1050.0,2025-06-11,Summer,nan,399900,0
202513472,"106 Epsom Crescent , Winnipeg R3R 0X2",439900,579000,RD,2,2.0,7,1983,"Double Attached, Front Drive Access",1104,Charleswood,nan,nan,1104.0,2025-06-11,Summer,nan,439900,0
202513759,"821 Laxdal Road , Winnipeg R3R 1V7",224900,220000,VL,0,0.0,5,0,Front Drive Access,nan,Charleswood,nan,nan,0.0,2025-06-11,Summer,nan,224900,0
202508446,"381 Glenbush Street , Winnipeg R2Y 0N1",884000,850000,RD,3,3.0,42,2016,Double Attached,1674,Charleswood,nan,nan,1674.0,2025-06-11,Summer,nan,884000,0
202510910,"54 Cadiz Bay , Winnipeg R3R 2M7",499900,460000,RD,3,3.0,10,1976,"Single Attached, Front Drive Access, Paved Driveway",1380,Charleswood,nan,nan,1380.0,2025-06-11,Summer,nan,499900,0
202512945,"634 Fairmont Road , Winnipeg R3R 1B1",949900,940000,RD,4,4.0,7,2007,"Triple Attached, Front Drive Access, Garage door opener, Oversized, Paved Driveway",2275,Charleswood,nan,nan,2275.0,2025-06-11,Summer,nan,949900,0
202512975,"607 Dieppe Road , Winnipeg R3R 1C5",419900,550000,RD,3,2.0,7,1967,Double Attached,1539,Charleswood,nan,nan,1539.0,2025-06-11,Summer,nan,419900,0
202511045,"134 Robindale Road , Winnipeg R3R 1G7",399900,387500,RD,2,2.0,9,1949,Double Attached,796,Charleswood,nan,nan,796.0,2025-06-11,Summer,nan,399900,0
202511252,"82 Bergman Crescent , Winnipeg R3R 1Z7",299900,351500,SA,3,1.0,12,1973,Carport,948,Charleswood,nan,nan,948.0,2025-06-11,Summer,nan,299900,0
202511493,"27 Oâ€™Brien Crescent , Winnipeg R3R 1M5",529900,515000,RD,4,3.0,13,1966,Single Attached,1850,Westdale,nan,nan,1850.0,2025-06-11,Summer,nan,529900,0
202513014,"73 Kestrel Way , Winnipeg R3R 3Y7",549900,565073,RD,3,2.0,7,2019,Double Attached,1263,Charleswood,nan,nan,1263.0,2025-06-11,Summer,nan,549900,0
202507722,"34 Kowalsky Crescent , Winnipeg R3R 3A8",679900,660000,RD,3,3.0,42,2017,"Double Attached, Front Drive Access, Garage door opener, Plug-In, Paved Driveway",1649,Charleswood,nan,nan,1649.0,2025-06-11,Summer,nan,679900,0
202513908,"10 Neptune Bay , Winnipeg R3T 0Z7",299900,350000,RD,3,2.0,6,1963,Single Detached,1382,West Fort Garry,nan,nan,1382.0,2025-06-11,Summer,nan,299900,0
202507570,"1462 Mars Drive , Winnipeg R3T 1E9",379000,425000,RD,3,1.0,8,1960,"Single Detached, Garage door opener, Heated, Insulated",948,West Fort Garry,nan,nan,948.0,2025-06-11,Summer,nan,379000,0
202509586,"71 Loyola Bay , Winnipeg R3P 0T3",374900,410000,RD,4,2.0,8,1968,Oversized,1000,Fort Richmond,nan,nan,1000.0,2025-06-11,Summer,nan,374900,0
202507896,"43 Macalester Bay , Winnipeg R3T 2X6",456000,427140,RD,3,2.0,39,1965,"Single Attached, Breezeway",1000,Fort Richmond,nan,nan,1000.0,2025-06-11,Summer,nan,456000,0
202510809,"71 Bryn Mawr Road , Winnipeg R3T 3K3",499000,486500,RD,3,2.0,13,1972,Single Detached,1068,Fort Richmond,nan,nan,1068.0,2025-06-11,Summer,nan,499000,0
202513014,"73 Kestrel Way , Winnipeg R3R 3Y7",549900,565073,RD,3,2.0,7,2019,Double Attached,1263,Charleswood,nan,nan,1263.0,2025-06-11,Summer,nan,549900,0
202507722,"34 Kowalsky Crescent , Winnipeg R3R 3A8",679900,660000,RD,3,3.0,42,2017,"Double Attached, Front Drive Access, Garage door opener, Plug-In, Paved Driveway",1649,Charleswood,nan,nan,1649.0,2025-06-11,Summer,nan,679900,0
202513908,"10 Neptune Bay , Winnipeg R3T 0Z7",299900,350000,RD,3,2.0,6,1963,Single Detached,1382,West Fort Garry,nan,nan,1382.0,2025-06-11,Summer,nan,299900,0
202507570,"1462 Mars Drive , Winnipeg R3T 1E9",379000,425000,RD,3,1.0,8,1960,"Single Detached, Garage door opener, Heated, Insulated",948,West Fort Garry,nan,nan,948.0,2025-06-11,Summer,nan,379000,0
202509586,"71 Loyola Bay , Winnipeg R3P 0T3",374900,410000,RD,3,2.0,8,1968,Oversized,1000,Fort Richmond,nan,nan,1000.0,2025-06-11,Summer,nan,374900,0
202507896,"43 Macalester Bay , Winnipeg R3T 2X6",456000,427140,RD,3,2.0,39,1965,"Single Attached, Breezeway",1000,Fort Richmond,nan,nan,1000.0,2025-06-11,Summer,nan,456000,0
202510809,"71 Bryn Mawr Road , Winnipeg R3T 3K3",499000,486500,RD,3,2.0,13,1972,Single Detached,1068,Fort Richmond,nan,nan,1068.0,2025-06-11,Summer,nan,499000,0
202513014,"73 Kestrel Way , Winnipeg R3R 3Y7",549900,565073,RD,3,2.0,7,2019,Double Attached,1263,Charleswood,nan,nan,1263.0,2025-06-11,Summer,nan,549900,0
202507722,"34 Kowalsky Crescent , Winnipeg R3R 3A8",679900,660000,RD,3,3.0,42,2017,"Double Attached, Front Drive Access, Garage door opener, Plug-In, Paved Driveway",1649,Charleswood,nan,nan,1649.0,2025-06-11,Summer,nan,679900,0
202513908,"10 Neptune Bay , Winnipeg R3T 0Z7",299900,350000,RD,3,2.0,6,1963,Single Detached,1382,West Fort Garry,nan,nan,1382.0,2025-06-11,Summer,nan,299900,0
202507570,"1462 Mars Drive , Winnipeg R3T 1E9",379000,425000,RD,3,1.0,8,1960,"Single Detached, Garage door opener, Heated, Insulated",948,West Fort Garry,nan,nan,948.0,2025-06-11,Summer,nan,379000,0
202509586,"71 Loyola Bay , Winnipeg R3P 0T3",374900,410000,RD,4,2.0,8,1968,Oversized,1000,Fort Richmond,nan,nan,1000.0,2025-06-11,Summer,nan,374900,0
202507896,"43 Macalester Bay , Winnipeg R3T 2X6",456000,427140,RD,3,2.0,39,1965,"Single Attached, Breezeway",1000,Fort Richmond,nan,nan,1000.0,2025-06-11,Summer,nan,456000,0
202510809,"71 Bryn Mawr Road , Winnipeg R3T 3K3",499000,486500,RD,3,2.0,13,1972,Single Detached,1068,Fort Richmond,nan,nan,1068.0,2025-06-11,Summer,nan,499000,0
202513014,"73 Kestrel Way , Winnipeg R3R 3Y7",549900,565073,RD,3,2.0,7,2019,Double Attached,1263,Charleswood,nan,nan,1263.0,2025-06-11,Summer,nan,549900,0
202507722,"34 Kowalsky Crescent , Winnipeg R3R 3A8",679900,660000,RD,3,3.0,42,2017,"Double Attached, Front Drive Access, Garage door opener, Plug-In, Paved Driveway",1649,Charleswood,nan,nan,1649.0,2025-06-11,Summer,nan,679900,0
202513908,"10 Neptune Bay , Winnipeg R3T 0Z7",299900,350000,RD,3,2.0,6,1963,Single Detached,1382,West Fort Garry,nan,nan,1382.0,2025-06-11,Summer,nan,299900,0
202507570,"1462 Mars Drive , Winnipeg R3T 1E9",379000,425000,RD,3,1.0,8,1960,"Single Detached, Garage door opener, Heated, Insulated",948,West Fort Garry,nan,nan,948.0,2025-06-11,Summer,nan,379000,0
202509586,"71 Loyola Bay , Winnipeg R3P 0T3",374900,410000,RD,4,2.0,8,1968,Oversized,1000,Fort Richmond,nan,nan,1000.0,2025-06-11,Summer,nan,374900,0
202507896,"43 Macalester Bay , Winnipeg R3T 2X6",456000,427140,RD,3,2.0,39,1965,"Single Attached, Breezeway",1000,Fort Richmond,nan,nan,1000.0,2025-06-11,Summer,nan,456000,0
202510809,"71 Bryn Mawr Road , Winnipeg R3T 3K3",499000,486500,RD,3,2.0,13,1972,Single Detached,1068,Fort Richmond,nan,nan,1068.0,2025-06-11,Summer,nan,499000,0
202513014,"73 Kestrel Way , Winnipeg R3R 3Y7",549900,565073,RD,3,2.0,7,2019,Double Attached,1263,Charleswood,nan,nan,1263.0,2025-06-11,Summer,nan,549900,0
202507722,"34 Kowalsky Crescent , Winnipeg R3R 3A8",679900,660000,RD,3,3.0,42,2017,"Double Attached, Front Drive Access, Garage door opener, Plug-In, Paved Driveway",1649,Charleswood,nan,nan,1649.0,2025-06-11,Summer,nan,679900,0
202513908,"10 Neptune Bay , Winnipeg R3T 0Z7",299900,350000,RD,3,2.0,6,1963,Single Detached,1382,West Fort Garry,nan,nan,1382.0,2025-06-11,Summer,nan,299900,0
202507570,"1462 Mars Drive , Winnipeg R3T 1E9",379000,425000,RD,3,1.0,8,1960,"Single Detached, Garage door opener, Heated, Insulated",948,West Fort Garry,nan,nan,948.0,2025-06-11,Summer,nan,379000,0
202512899,"51 Prestwood Place , Winnipeg R3T 4Y9",469900,469900,RD,3,2.0,10,1981,"Single Attached, Front Drive Access",1844,Fort Richmond,nan,nan,1844.0,2025-06-11,Summer,nan,469900,0
202509800,"62 Lakeglen Drive , Winnipeg R3T 4N5",524900,525000,RD,3,3.0,12,1977,Double Attached,1314,Waverley Heights,nan,nan,1314.0,2025-06-11,Summer,nan,524900,0
202510910,"54 Cadiz Bay , Winnipeg R3R 2M7",499900,460000,RD,3,1.0,10,1976,"Single Attached, Front Drive Access, Paved Driveway",1380,Charleswood,nan,nan,1380.0,2025-06-11,Summer,nan,499900,0
202512945,"634 Fairmont Road , Winnipeg R3R 1B1",949900,940000,RD,4,4.0,7,2007,"Triple Attached, Front Drive Access, Garage door opener, Oversized, Paved Driveway",2275,Charleswood,nan,nan,2275.0,2025-06-11,Summer,nan,949900,0
202512975,"607 Dieppe Road , Winnipeg R3R 1C5",419900,550000,RD,3,2.0,7,1967,Double Attached,1539,Charleswood,nan,nan,1539.0,2025-06-11,Summer,nan,419900,0
202511045,"134 Robindale Road , Winnipeg R3R 1G7",399900,387500,RD,2,2.0,9,1949,Double Attached,796,Charleswood,nan,nan,796.0,2025-06-11,Summer,nan,399900,0
202511252,"82 Bergman Crescent , Winnipeg R3R 1Z7",299900,351500,SA,3,1.0,12,1973,Carport,948,Charleswood,nan,nan,948.0,2025-06-11,Summer,nan,299900,0
202513014,"73 Kestrel Way , Winnipeg R3R 3Y7",549900,565073,RD,3,2.0,7,2019,Double Attached,1263,Charleswood,nan,nan,1263.0,2025-06-11,Summer,nan,549900,0
202507722,"34 Kowalsky Crescent , Winnipeg R3R 3A8",679900,660000,RD,3,3.0,42,2017,"Double Attached, Front Drive Access, Garage door opener, Plug-In, Paved Driveway",1649,Charleswood,nan,nan,1649.0,2025-06-11,Summer,nan,679900,0
202513908,"10 Neptune Bay , Winnipeg R3T 0Z7",299900,350000,RD,3,2.0,6,1963,Single Detached,1382,West Fort Garry,nan,nan,1382.0,2025-06-11,Summer,nan,299900,0
202507570,"1462 Mars Drive , Winnipeg R3T 1E9",379000,425000,RD,3,1.0,8,1960,"Single Detached, Garage door opener, Heated, Insulated",948,West Fort Garry,nan,nan,948.0,2025-06-11,Summer,nan,379000,0
202512722,"141 Park Place W, Winnipeg R3P 2C8",990000,1160000,RD,4,4.0,8,1992,"Double Attached, Front Drive Access, Insulated",2750,Tuxedo,nan,nan,2750.0,2025-06-11,Summer,nan,990000,0
202511361,"50 Barrmill Road , Winnipeg R3R 3Y7",649900,640000,RD,3,2.0,13,2021,Double Attached,1629,Charleswood,nan,nan,1629.0,2025-06-11,Summer,nan,649900,0
202512681,"313 Park West Drive , Winnipeg R3Y 0V9",479900,479900,TH,3,3.0,0,2017,Parking Pad,1492,Bridgwater Centre,nan,nan,1492.0,2025-06-11,Summer,nan,479900,0
202512736,"99 Duncan Norrie Drive , Winnipeg R3P 2K2",689900,781500,RD,3,3.0,8,1996,Double Attached,2215,Linden Woods,nan,nan,2215.0,2025-06-11,Summer,nan,689900,0
202513464,"267 Park West Drive , Winnipeg R3Y 0T4",499900,501000,SA,4,4.0,8,2015,Double Detached,1537,Bridgwater Centre,nan,nan,1537.0,2025-06-11,Summer,nan,499900,0
202509705,"10 Hidden Ridge Cove , Winnipeg R3Y 1X1",749900,740000,RD,3,2.0,19,2004,Double Attached,1983,Linden Ridge,nan,nan,1983.0,2025-06-11,Summer,nan,749900,0
202511547,"171 Southbend Crescent , Winnipeg R3P 2H4",584900,592000,RD,4,4.0,6,1990,Double Attached,1870,Linden Woods,nan,nan,1870.0,2025-06-11,Summer,nan,584900,0
202512736,"99 Duncan Norrie Drive , Winnipeg R3P 2K2",689900,781500,RD,3,3.0,8,1996,Double Attached,2215,Linden Woods,nan,nan,2215.0,2025-06-11,Summer,nan,689900,0
202512784,"107 Valley Brook Road , Winnipeg R3Y 0Z8",1070000,1015000,RD,5,4.0,11,2022,Double Attached,2494,Bridgwater Trails,nan,nan,2494.0,2025-06-11,Summer,nan,1070000,0
202509710,"139 Landover Drive , Winnipeg R3Y 0Z2",598880,598880,RD,4,4.0,7,2019,Double Detached,1612,Bridgwater Trails,nan,nan,1612.0,2025-06-11,Summer,nan,598880,0
202513464,"267 Park West Drive , Winnipeg R3Y 0T4",499900,501000,SA,4,4.0,8,2015,Double Detached,1537,Bridgwater Centre,nan,nan,1537.0,2025-06-11,Summer,nan,499900,0
202510910,"54 Cadiz Bay , Winnipeg R3R 2M7",499900,460000,RD,3,1.0,10,1976,"Single Attached, Front Drive Access, Paved Driveway",1380,Charleswood,nan,nan,1380.0,2025-06-11,Summer,nan,499900,0
202512945,"634 Fairmont Road , Winnipeg R3R 1B1",949900,940000,RD,4,4.0,7,2007,"Triple Attached, Front Drive Access, Garage door opener, Oversized, Paved Driveway",2275,Charleswood,nan,nan,2275.0,2025-06-11,Summer,nan,949900,0
202512975,"607 Dieppe Road , Winnipeg R3R 1C5",419900,550000,RD,3,2.0,7,1967,Double Attached,1539,Charleswood,nan,nan,1539.0,2025-06-11,Summer,nan,419900,0
202513014,"73 Kestrel Way , Winnipeg R3R 3Y7",549900,565073,RD,3,2.0,7,2019,Double Attached,1263,Charleswood,nan,nan,1263.0,2025-06-11,Summer,nan,549900,0
202507722,"34 Kowalsky Crescent , Winnipeg R3R 3A8",679900,660000,RD,3,3.0,42,2017,"Double Attached, Front Drive Access, Garage door opener, Plug-In, Paved Driveway",1649,Charleswood,nan,nan,1649.0,2025-06-11,Summer,nan,679900,0
202513908,"10 Neptune Bay , Winnipeg R3T 0Z7",299900,350000,RD,3,2.0,6,1963,Single Detached,1382,West Fort Garry,nan,nan,1382.0,2025-06-11,Summer,nan,299900,0
202507570,"1462 Mars Drive , Winnipeg R3T 1E9",379000,425000,RD,3,1.0,8,1960,"Single Detached, Garage door opener, Heated, Insulated",948,West Fort Garry,nan,nan,948.0,2025-06-11,Summer,nan,379000,0
202512743,"779 Renfrew Street , Winnipeg R3N 1K3",395000,461000,RD,0,1.0,10,1957,Double Detached,1000,River Heights,nan,nan,1000.0,2025-06-11,Summer,nan,395000,0
202511045,"134 Robindale Road , Winnipeg R3R 1G7",399900,387500,RD,2,2.0,9,1949,Double Attached,796,Charleswood,nan,nan,796.0,2025-06-11,Summer,nan,399900,0
202511252,"82 Bergman Crescent , Winnipeg R3R 1Z7",299900,351500,SA,3,1.0,12,1973,Carport,948,Charleswood,nan,nan,948.0,2025-06-11,Summer,nan,299900,0
202513014,"73 Kestrel Way , Winnipeg R3R 3Y7",549900,565073,RD,3,2.0,7,2019,Double Attached,1263,Charleswood,nan,nan,1263.0,2025-06-11,Summer,nan,549900,0
202507722,"34 Kowalsky Crescent , Winnipeg R3R 3A8",679900,660000,RD,3,3.0,42,2017,"Double Attached, Front Drive Access, Garage door opener, Plug-In, Paved Driveway",1649,Charleswood,nan,nan,1649.0,2025-06-11,Summer,nan,679900,0
202513908,"10 Neptune Bay , Winnipeg R3T 0Z7",299900,350000,RD,3,2.0,6,1963,Single Detached,1382,West Fort Garry,nan,nan,1382.0,2025-06-11,Summer,nan,299900,0
202507570,"1462 Mars Drive , Winnipeg R3T 1E9",379000,425000,RD,3,1.0,8,1960,"Single Detached, Garage door opener, Heated, Insulated",948,West Fort Garry,nan,nan,948.0,2025-06-11,Summer,nan,379000,0
202512899,"51 Prestwood Place , Winnipeg R3T 4Y9",469900,469900,RD,3,2.0,10,1981,"Single Attached, Front Drive Access",1844,Fort Richmond,nan,nan,1844.0,2025-06-11,Summer,nan,469900,0
202509800,"62 Lakeglen Drive , Winnipeg R3T 4N5",524900,525000,RD,3,3.0,12,1977,Double Attached,1314,Waverley Heights,nan,nan,1314.0,2025-06-11,Summer,nan,524900,0
202510910,"54 Cadiz Bay , Winnipeg R3R 2M7",499900,460000,RD,3,1.0,10,1976,"Single Attached, Front Drive Access, Paved Driveway",1380,Charleswood,nan,nan,1380.0,2025-06-11,Summer,nan,499900,0
202512945,"634 Fairmont Road , Winnipeg R3R 1B1",949900,940000,RD,4,4.0,7,2007,"Triple Attached, Front Drive Access, Garage door opener, Oversized, Paved Driveway",2275,Charleswood,nan,nan,2275.0,2025-06-11,Summer,nan,949900,0
202512975,"607 Dieppe Road , Winnipeg R3R 1C5",419900,550000,RD,3,2.0,7,1967,Double Attached,1539,Charleswood,nan,nan,1539.0,2025-06-11,Summer,nan,419900,0
202511045,"134 Robindale Road , Winnipeg R3R 1G7",399900,387500,RD,2,2.0,9,1949,Double Attached,796,Charleswood,nan,nan,796.0,2025-06-11,Summer,nan,399900,0
202511252,"82 Bergman Crescent , Winnipeg R3R 1Z7",299900,351500,SA,3,1.0,12,1973,Carport,948,Charleswood,nan,nan,948.0,2025-06-11,Summer,nan,299900,0
202513765,"19 Hofsted Drive , Winnipeg R3R 4A8",649000,716000,RD,3,3.0,7,2018,Double Attached,2053,Charleswood,nan,nan,2053.0,2025-06-11,Summer,nan,649000,0
202513014,"73 Kestrel Way , Winnipeg R3R 3Y7",549900,565073,RD,3,2.0,7,2019,Double Attached,1263,Charleswood,nan,nan,1263.0,2025-06-11,Summer,nan,549900,0
202507722,"34 Kowalsky Crescent , Winnipeg R3R 3A8",679900,660000,RD,3,3.0,42,2017,"Double Attached, Front Drive Access, Garage door opener, Plug-In, Paved Driveway",1649,Charleswood,nan,nan,1649.0,2025-06-11,Summer,nan,679900,0
202513908,"10 Neptune Bay , Winnipeg R3T 0Z7",299900,350000,RD,3,2.0,6,1963,Single Detached,1382,West Fort Garry,nan,nan,1382.0,2025-06-11,Summer,nan,299900,0
202507570,"1462 Mars Drive , Winnipeg R3T 1E9",379000,425000,RD,3,1.0,8,1960,"Single Detached, Garage door opener, Heated, Insulated",948,West Fort Garry,nan,nan,948.0,2025-06-11,Summer,nan,379000,0
202513472,"106 Epsom Crescent , Winnipeg R3R 0X2",439900,579000,RD,2,2.0,7,1983,"Double Attached, Front Drive Access",1104,Charleswood,nan,nan,1104.0,2025-06-11,Summer,nan,439900,0
202509800,"62 Lakeglen Drive , Winnipeg R3T 4N5",524900,525000,RD,3,3.0,12,1977,Double Attached,1314,Waverley Heights,nan,nan,1314.0,2025-06-11,Summer,nan,524900,0
202511569,"93 Laurent Drive , Winnipeg R3V 1S1",399900,441000,RD,3,2.0,8,1976,Double Attached,1282,Charleswood,nan,nan,1282.0,2025-06-11,Summer,nan,399900,0
202508446,"381 Glenbush Street , Winnipeg R2Y 0N1",884000,850000,RD,3,3.0,42,2016,Double Attached,1674,Charleswood,nan,nan,1674.0,2025-06-11,Summer,nan,884000,0
202509101,"55 Simsbury Place , Winnipeg R3P 2H4",788000,770000,RD,5,4.0,10,1993,Double Attached,2218,Linden Woods,nan,nan,2218.0,2025-06-11,Summer,nan,788000,0
202507570,"1462 Mars Drive , Winnipeg R3T 1E9",379000,425000,RD,3,1.0,8,1960,"Single Detached, Garage door opener, Heated, Insulated",948,West Fort Garry,nan,nan,948.0,2025-06-11,Summer,nan,379000,0
202509071,"724 Ebby Avenue , Winnipeg R3M 2H6",249900,239900,RD,2,1.0,32,1947,"Single Detached, Rear Drive Access",700,Crescentwood,nan,nan,700.0,2025-06-11,Summer,nan,249900,0
202512940,"66 Lake Albrin Bay , Winnipeg R3T 4S7",429900,555000,RD,3,2.0,7,1978,4,"Front Drive Access, Plug-In, Paved Driveway",1120,Waverley Heights,nan,0.0,2025-06-11,Summer,nan,429900,0
202512945,"634 Fairmont Road , Winnipeg R3R 1B1",949900,940000,RD,4,4.0,7,2007,"Triple Attached, Front Drive Access, Garage door opener, Oversized, Paved Driveway",2275,Charleswood,nan,nan,2275.0,2025-06-11,Summer,nan,949900,0
202512975,"607 Dieppe Road , Winnipeg R3R 1C5",419900,550000,RD,3,2.0,7,1967,Double Attached,1539,Charleswood,nan,nan,1539.0,2025-06-11,Summer,nan,419900,0
202511045,"134 Robindale Road , Winnipeg R3R 1G7",399900,387500,RD,2,2.0,9,1949,Double Attached,796,Charleswood,nan,nan,796.0,2025-06-11,Summer,nan,399900,0
202511252,"82 Bergman Crescent , Winnipeg R3R 1Z7",299900,351500,SA,3,1.0,12,1973,Carport,948,Charleswood,nan,nan,948.0,2025-06-11,Summer,nan,299900,0
202513014,"73 Kestrel Way , Winnipeg R3R 3Y7",549900,565073,RD,3,2.0,7,2019,Double Attached,1263,Charleswood,nan,nan,1263.0,2025-06-11,Summer,nan,549900,0
202507722,"34 Kowalsky Crescent , Winnipeg R3R 3A8",679900,660000,RD,3,3.0,42,2017,"Double Attached, Front Drive Access, Garage door opener, Plug-In, Paved Driveway",1649,Charleswood,nan,nan,1649.0,2025-06-11,Summer,nan,679900,0
202513908,"10 Neptune Bay , Winnipeg R3T 0Z7",299900,350000,RD,3,2.0,6,1963,Single Detached,1382,West Fort Garry,nan,nan,1382.0,2025-06-11,Summer,nan,299900,0
202507570,"1462 Mars Drive , Winnipeg R3T 1E9",379000,425000,RD,3,1.0,8,1960,"Single Detached, Garage door opener, Heated, Insulated",948,West Fort Garry,nan,nan,948.0,2025-06-11,Summer,nan,379000,0
202512722,"141 Park Place W, Winnipeg R3P 2C8",990000,1160000,RD,4,4.0,8,1992,"Double Attached, Front Drive Access, Insulated",2750,Tuxedo,nan,nan,2750.0,2025-06-11,Summer,nan,990000,0
202511361,"50 Barrmill Road , Winnipeg R3R 3Y7",649900,640000,RD,3,2.0,13,2021,Double Attached,1629,Charleswood,nan,nan,1629.0,2025-06-11,Summer,nan,649900,0
202512681,"313 Park West Drive , Winnipeg R3Y 0V9",479900,479900,TH,3,3.0,0,2017,Parking Pad,1492,Bridgwater Centre,nan,nan,1492.0,2025-06-11,Summer,nan,479900,0
202512722,"141 Park Place W, Winnipeg R3P 2C8",990000,1160000,RD,4,4.0,8,1992,"Double Attached, Front Drive Access, Insulated",2750,Tuxedo,nan,nan,2750.0,2025-06-11,Summer,nan,990000,0
202512736,"99 Duncan Norrie Drive , Winnipeg R3P 2K2",689900,781500,RD,3,3.0,8,1996,Double Attached,2215,Linden Woods,nan,nan,2215.0,2025-06-11,Summer,nan,689900,0
202513464,"267 Park West Drive , Winnipeg R3Y 0T4",499900,501000,SA,4,4.0,8,2015,Double Detached,1537,Bridgwater Centre,nan,nan,1537.0,2025-06-11,Summer,nan,499900,0
202509705,"10 Hidden Ridge Cove , Winnipeg R3Y 1X1",749900,740000,RD,3,2.0,19,2004,Double Attached,1983,Linden Ridge,nan,nan,1983.0,2025-06-11,Summer,nan,749900,0
202511547,"171 Southbend Crescent , Winnipeg R3P 2H4",584900,592000,RD,4,4.0,6,1990,Double Attached,1870,Linden Woods,nan,nan,1870.0,2025-06-11,Summer,nan,584900,0
202512736,"99 Duncan Norrie Drive , Winnipeg R3P 2K2",689900,781500,RD,3,3.0,8,1996,Double Attached,2215,Linden Woods,nan,nan,2215.0,2025-06-11,Summer,nan,689900,0
202512784,"107 Valley Brook Road , Winnipeg R3Y 0Z8",1070000,1015000,RD,5,4.0,11,2022,Double Attached,2494,Bridgwater Trails,nan,nan,2494.0,2025-06-11,Summer,nan,1070000,0
202509710,"139 Landover Drive , Winnipeg R3Y 0Z2",598880,598880,RD,4,4.0,7,2019,Double Detached,1612,Bridgwater Trails,nan,nan,1612.0,2025-06-11,Summer,nan,598880,0
202513464,"267 Park West Drive , Winnipeg R3Y 0T4",499900,501000,SA,4,4.0,8,2015,Double Detached,1537,Bridgwater Centre,nan,nan,1537.0,2025-06-11,Summer,nan,499900,0
202510910,"54 Cadiz Bay , Winnipeg R3R 2M7",499900,460000,RD,3,1.0,10,1976,"Single Attached, Front Drive Access, Paved Driveway",1380,Charleswood,nan,nan,1380.0,2025-06-11,Summer,nan,499900,0
202512945,"634 Fairmont Road , Winnipeg R3R 1B1",949900,940000,RD,4,4.0,7,2007,"Triple Attached, Front Drive Access, Garage door opener, Oversized, Paved Driveway",2275,Charleswood,nan,nan,2275.0,2025-06-11,Summer,nan,949900,0
202510651,"728 Walker Avenue , Winnipeg R3L 1C8",274900,328728,RD,3,2.0,9,1973,"No Garage, Rear Drive Access",990,nan,nan,Lord Roberts,990.0,2025-06-11,Summer,Lord Roberts,274900,0
202508142,"480 Beresford Avenue , Winnipeg R3L 1J5",219900,195000,RD,3,2.0,34,1909,Rear Drive Access,1072,nan,nan,Lord Roberts,1072.0,2025-06-11,Summer,Lord Roberts,219900,0
202507555,"857 Lorette Avenue , Winnipeg R3M 1V1",279900,275000,RD,3 (den as bonus),1.0,36,1912,Parking Pad,880,nan,nan,Crescentwood,880.0,2025-06-11,Summer,Crescentwood,279900,0
202508982,"1066 Garwood Avenue , Winnipeg R3M 1N9",299900,285000,RD,3,1.0,19,1945,"Parking Pad, Rear Drive Access",1060,nan,nan,Crescentwood,1060.0,2025-06-11,Summer,Crescentwood,299900,0
202510065,"832 Elm Street , Winnipeg R3M 3P5",809900,780000,RD,4,3.0,13,1958,Double Detached,1786,nan,nan,River Heights South,1786.0,2025-06-11,Summer,River Heights South,809900,0
202510152,"871 Charleswood Road , Winnipeg R3R 1K8",419900,450000,RD,3,2.0,10,1971,Double Detached,1020,nan,nan,Charleswood,1020.0,2025-06-11,Summer,Charleswood,419900,0
202510571,"818 Kebir Place , Winnipeg R3T 1W9",399900,420000,RD,5,2.0,8,1957,"Front & Rear Drive Access, No Garage",1491,nan,nan,East Fort Garry,1491.0,2025-06-11,Summer,East Fort Garry,399900,0
202510038,"1157 Somerville Avenue , Winnipeg R3T 1B8",249900,240000,RD,2,1.0,17,1946,No Garage,700,nan,nan,West Fort Garry,700.0,2025-06-11,Summer,West Fort Garry,249900,0
202510469,"735 Patricia Avenue , Winnipeg R3T 3A8",447000,475000,RD,4,2.0,9,1971,Double Attached,1891,nan,nan,Fort Richmond,1891.0,2025-06-11,Summer,Fort Richmond,447000,0
202510525,"76 Magdalene Bay , Winnipeg R3T 3L2",379000,430700,RD,5,2.0,8,1972,Single Attached,804,nan,nan,Fort Richmond,804.0,2025-06-11,Summer,Fort Richmond,379000,0
202509812,"64 West Lake Crescent , Winnipeg R3T 4T4",329900,352000,SA,4,2.0,9,1979,Rear Drive Access,908,nan,nan,Waverley Heights,908.0,2025-06-11,Summer,Waverley Heights,329900,0
202510515,"3 Salem Place , Winnipeg R3T 4B7",474900,495000,RD,3,3.0,8,1974,"Single Attached, Front Drive Access",1323,nan,nan,Waverley Heights,1323.0,2025-06-11,Summer,Waverley Heights,474900,0
202508255,"796 Lindenwood Drive , Winnipeg R3P 2S1",699900,675000,RD,4,3.0,29,2004,Double Attached,1750,nan,nan,Linden Woods,1750.0,2025-06-11,Summer,Linden Woods,699900,0
202510614,"26 Marksbridge Drive , Winnipeg R3P 2K5",679900,752000,RD,5,3.0,9,2002,Double Attached,1652,nan,nan,Linden Woods,1652.0,2025-06-11,Summer,Linden Woods,679900,0
202509956,"376 Lindenwood Drive E, Winnipeg R3P 2H1",794900,800000,RD,4,4.0,15,1992,Triple Attached,2218,nan,nan,Linden Woods,2218.0,2025-06-11,Summer,Linden Woods,794900,0
202509275,"11 Bramblewood Court , Winnipeg R3Y 0T1",749000,740000,RD,4,4.0,2,2017,Double Attached,2201,nan,nan,Bridgwater Trails,2201.0,2025-06-11,Summer,Bridgwater Trails,749000,0
202504974,"91 Granite Grove Road , Winnipeg R3Y 2K2",799000,757500,RD,4,3.0,61,2025,Double Attached,2125,nan,nan,Prairie Pointe,2125.0,2025-06-11,Summer,Prairie Pointe,799000,0
202510491,"15 Kilroy Street , Winnipeg R3Y 0V5",569000,562000,RD,3,3.0,8,2019,Double Attached,1588,nan,nan,Prairie Pointe,1588.0,2025-06-11,Summer,Prairie Pointe,569000,0
202506477,"410 Windflower Road , Winnipeg R3Y 0X5",725000,725000,RD,4,3.0,45,2020,Double Attached,2127,nan,nan,Bridgwater Trails,2127.0,2025-06-11,Summer,Bridgwater Trails,725000,0
202508763,"87 Water Bend Road , Winnipeg R3Y 0J9",1675000,1685000,RD,4,4.0,9,2017,Double Attached,3015,nan,nan,Bridgwater Lakes,3015.0,2025-06-11,Summer,Bridgwater Lakes,1675000,0
202506230,"112 Willow Creek Road , Winnipeg R3Y 0S9",1439000,1295000,RD,5,5.0,47,2019,Double Attached,2895,nan,nan,Bridgwater Trails,2895.0,2025-06-11,Summer,Bridgwater Trails,1439000,0
202502686,"106 Lake Bend Road , Winnipeg R3Y 0J4",1079900,1065000,RD,5,3.0,75,2014,Double Attached,1943,nan,nan,Bridgwater Lakes,1943.0,2025-06-11,Summer,Bridgwater Lakes,1079900,0
202506611,"59 Colbourne Drive , Winnipeg R3Y 0K6",644500,620000,RD,4,3.0,40,2012,Double Attached,1683,nan,nan,South Pointe,1683.0,2025-06-11,Summer,South Pointe,644500,0
202510668,"15 Sandpiper Drive , Winnipeg R3T 5E6",439900,445000,RD,3,3.0,6,1984,Double Attached,1717,nan,nan,Richmond West,1717.0,2025-06-11,Summer,Richmond West,439900,0
202510922,"59 Brentlawn Boulevard , Winnipeg R3T 4X9",399900,470000,RD,3,2.0,7,1978,Single Attached,1250,nan,nan,Richmond West,1250.0,2025-06-11,Summer,Richmond West,399900,0
202508919,"30 Kendale Drive , Winnipeg R3T 5M4",674900,665000,RD,5,3.0,18,1998,Triple Attached,1630,nan,nan,Richmond West,1630.0,2025-06-11,Summer,Richmond West,674900,0
202510544,"427 Eugenie Street , Winnipeg R2H 0Y9",399900,467000,RD,3,2.0,9,1941,"Single Detached, Carport, Oversized, Parking Pad",1020,nan,nan,Norwood,1020.0,2025-06-11,Summer,Norwood,399900,0
202510095,"39 Monck Avenue , Winnipeg R2H 1W7",589999,678000,RD,4,2.0,9,1947,"Single Detached, Garage door opener, Oversized, Parking Pad, Plug-In",2185,nan,nan,Norwood Flats,2185.0,2025-06-11,Summer,Norwood Flats,589999,0
202506579,"15 Parkville Drive , Winnipeg R2M 2H3",420000,410650,RD,2,2.0,50,1957,Single Detached,835,nan,nan,St Vital,835.0,2025-06-11,Summer,St Vital,420000,0
202510081,"46 Mager Drive , Winnipeg R2M 0S2",329900,329900,RD,3,1.0,6,1924,Single Detached,844,nan,nan,Elm Park,844.0,2025-06-11,Summer,Elm Park,329900,0
202510201,"102 Bright Oaks Bay , Winnipeg R2M 2M1",559900,585102,RD,3,2.0,8,1971,Single Attached,1100,nan,nan,Bright Oaks,1100.0,2025-06-11,Summer,Bright Oaks,559900,0
202509416,"76 Weaver Bay , Winnipeg R2M 2G8",399900,400000,RD,3,1.0,13,1962,"Front Drive Access, Parking Pad",1050,nan,nan,Pulberry,1050.0,2025-06-11,Summer,Pulberry,399900,0
202510779,"68 Elm Park Road , Winnipeg R2M 0V9",399900,451000,RD,3,1.0,7,1939,"Double Detached, Garage door opener",1212,nan,nan,Elm Park,1212.0,2025-06-11,Summer,Elm Park,399900,0
202507061,"79 Dunraven Avenue , Winnipeg R2M 0H5",324900,350444,RD,3,1.0,9,1949,Single Detached,908,nan,nan,St Vital,908.0,2025-06-11,Summer,St Vital,324900,0
202510584,"21 Vivian Avenue , Winnipeg R3M 0E5",379900,480000,RD,4,2.0,8,1952,"Double Detached, Garage door opener, Rear Drive Access",1360,nan,nan,St Vital,1360.0,2025-06-11,Summer,St Vital,379900,0
202508226,"115 Springwood Drive , Winnipeg R2N 1B8",199900,180000,MH,2 (den),1.0,24,1976,Front Drive Access,1220,nan,nan,South Glen,1220.0,2025-06-11,Summer,South Glen,199900,0
202508576,"349 Ashworth Street , Winnipeg R2N 2L7",399900,505000,RD,3,2.0,8,1986,"Double Detached, Plug-In",860,nan,nan,River Park South,860.0,2025-06-11,Summer,River Park South,399900,0
202506328,"11 Highcastle Crescent , Winnipeg R2N 2V6",534900,515000,RD,3,3.0,39,1991,Double Attached,1560,nan,nan,River Park South,1560.0,2025-06-11,Summer,River Park South,534900,0
202510022,"51 Ashford Drive , Winnipeg R2N 1K7",409900,404000,RD,3,2.0,9,1979,"Double Detached, Garage door opener, Oversized",968,nan,nan,River Park South,968.0,2025-06-11,Summer,River Park South,409900,0
202510751,"202 Paddington Road , Winnipeg R2N 1H4",374900,433000,RD,3,2.0,8,1979,"Single Detached, Carport",830,nan,nan,River Park South,830.0,2025-06-11,Summer,River Park South,374900,0
202506611,"59 Colbourne Drive , Winnipeg R3Y 0K6",644500,620000,RD,4,3.0,40,2012,Double Attached,1683,nan,nan,South Pointe,1683.0,2025-06-11,Summer,South Pointe,644500,0
202510668,"15 Sandpiper Drive , Winnipeg R3T 5E6",439900,445000,RD,3,3.0,6,1984,Double Attached,1717,nan,nan,Richmond West,1717.0,2025-06-11,Summer,Richmond West,439900,0
202509925,"794 Simpson Avenue , Winnipeg R2K 1S1",339900,308000,RD,3,2.0,7,1957,Single Detached,1075,nan,nan,East Kildonan,1075.0,2025-06-11,Summer,East Kildonan,339900,0
202510253,"88 Eaton Street , Winnipeg R2L 1V1",219900,233000,RD,3,2.0,8,1907,Rear Drive Access,1252,nan,nan,East Kildonan,1252.0,2025-06-11,Summer,East Kildonan,219900,0
202510681,"87 Reay Crescent , Winnipeg R2K 3R2",399900,425000,RD,4,2.0,7,1987,Double Detached,1040,nan,nan,Valley Gardens,1040.0,2025-06-11,Summer,Valley Gardens,399900,0
202506611,"59 Colbourne Drive , Winnipeg R3Y 0K6",644500,620000,RD,4,3.0,40,2012,Double Attached,1683,nan,nan,South Pointe,1683.0,2025-06-11,Summer,South Pointe,644500,0
202506611,"59 Colbourne Drive , Winnipeg R3Y 0K6",644500,620000,RD,4,3.0,40,2012,Double Attached,1683,nan,nan,South Pointe,1683.0,2025-06-11,Summer,South Pointe,644500,0
202509723,"43 Parade Drive , Winnipeg R2C 0S3",474700,455000,RD,4,3.0,12,1964,"Double Detached, Heated, Insulated",1993,nan,nan,East Transcona,1993.0,2025-06-11,Summer,East Transcona,474700,0
202510574,"96 Zawaly Bay , Winnipeg R2C 5C2",349900,380000,RD,3,2.0,9,1988,Parking Pad,1042,nan,nan,Canterbury Park,1042.0,2025-06-11,Summer,Canterbury Park,349900,0
202509509,"307 Emberwell Street , Winnipeg R2C 5V6",474900,470000,RD,3,3.0,12,2024,Parking Pad,1430,nan,nan,Summerlea,1430.0,2025-06-11,Summer,Summerlea,474900,0
202509480,"180 Allenby Crescent , Winnipeg R2C 3S2",299900,435000,RD,4,2.0,7,1974,Single Detached,988,nan,nan,Canterbury Park,988.0,2025-06-11,Summer,Canterbury Park,299900,0
202510839,"219 Hoddinott Road , East St Paul R2E 0H7",349900,450000,RD,3,2.0,7,0,Single Detached,1979,nan,nan,East St Paul,1979.0,2025-06-11,Summer,East St Paul,349900,0
202507978,"291 Ottawa Avenue , Winnipeg R2K 1K6",474900,450000,DP,5,3.0,24,2018,Single Detached,1089,nan,nan,East Kildonan,1089.0,2025-06-11,Summer,East Kildonan,474900,0
202510320,"377 Larsen Avenue , Winnipeg R2K 1R1",179900,219000,RD,2,1.0,12,1921,Rear Drive Access,830,nan,nan,East Kildonan,830.0,2025-06-11,Summer,East Kildonan,179900,0
202509925,"794 Simpson Avenue , Winnipeg R2K 1S1",339900,308000,RD,3,2.0,7,1957,Single Detached,1075,nan,nan,East Kildonan,1075.0,2025-06-11,Summer,East Kildonan,339900,0
202510253,"88 Eaton Street , Winnipeg R2L 1V1",219900,233000,RD,3,2.0,8,1907,Rear Drive Access,1252,nan,nan,East Kildonan,1252.0,2025-06-11,Summer,East Kildonan,219900,0
202510681,"87 Reay Crescent , Winnipeg R2K 3R2",399900,425000,RD,4,3.0,7,1971,Single Attached,4340,nan,nan,Valley Gardens,4340.0,2025-06-11,Summer,Valley Gardens,399900,0
202510718,"1857 Plessis Road , Winnipeg R3W 0B3",279900,380000,RD,3,2.0,6,1986,Single Attached,710,nan,nan,Lakeside Meadows,710.0,2025-06-11,Summer,Lakeside Meadows,279900,0
202505916,"11 Fiorentino Street , Winnipeg R3W 0H2",674900,657000,RD,6,4.0,38,2017,Double Attached,2125,nan,nan,Starlite Village,2125.0,2025-06-11,Summer,Starlite Village,674900,0
202510504,"66 Chelston Gate , Winnipeg R3W 0J7",519900,560000,RD,3,3.0,9,2015,"Double Detached, Rear Drive Access",1671,nan,nan,Devonshire Village,1671.0,2025-06-11,Summer,Devonshire Village,519900,0
202510110,"130 Whitehall Boulevard , Winnipeg R2C 0Y5",389900,389000,RD,3,2.0,13,1967,Single Detached,988,nan,nan,East Transcona,988.0,2025-06-11,Summer,East Transcona,389900,0
202510688,"39 Craglea Corner , Winnipeg R2C4H8",299900,350000,RD,2,2.0,6,0,Parking Pad,860,nan,nan,Canterbury Park,860.0,2025-06-11,Summer,Canterbury Park,299900,0
202509723,"43 Parade Drive , Winnipeg R2C 0S3",474700,455000,RD,4,3.0,12,1964,"Double Detached, Heated, Insulated, Paved Driveway",nan,nan,nan,East Transcona,0.0,2025-06-11,Summer,East Transcona,474700,0
202510574,"96 Zawaly Bay , Winnipeg R2C 5C2",349900,380000,RD,3,2.0,9,1988,Parking Pad,1042,nan,nan,Canterbury Park,1042.0,2025-06-11,Summer,Canterbury Park,349900,0
202509509,"307 Emberwell Street , Winnipeg R2C 5V6",474900,470000,RD,3,3.0,12,2024,Parking Pad,1430,nan,nan,Summerlea,1430.0,2025-06-11,Summer,Summerlea,474900,0
202509480,"180 Allenby Crescent , Winnipeg R2C 3S2",299900,435000,RD,4,2.0,7,1974,Single Detached,988,nan,nan,Transcona,988.0,2025-06-11,Summer,Transcona,299900,0
202510839,"219 Hoddinott Road , Winnipeg R2E 0H7",349900,450000,RD,3,2.0,7,0,Single Detached,1979,nan,nan,East St Paul,1979.0,2025-06-11,Summer,East St Paul,349900,0
202510469,"735 Patricia Avenue , Winnipeg R3T 3A8",447000,475000,RD,4,2.0,9,1971,Double Attached,1891,nan,nan,Fort Richmond,1891.0,2025-06-11,Summer,Fort Richmond,447000,0
202506611,"59 Colbourne Drive , Winnipeg R3Y 0K6",644500,620000,RD,4,3.0,40,2012,Double Attached,1683,nan,nan,South Pointe,1683.0,2025-06-11,Summer,South Pointe,644500,0
202510668,"15 Sandpiper Drive , Winnipeg R3T 5E6",439900,445000,RD,3,3.0,6,1984,Double Attached,1717,nan,nan,Richmond West,1717.0,2025-06-11,Summer,Richmond West,439900,0
202510922,"59 Brentlawn Boulevard , Winnipeg R3T 4X9",399900,470000,RD,3,2.0,7,1978,Single Attached,1250,nan,nan,Richmond West,1250.0,2025-06-11,Summer,Richmond West,399900,0
202508919,"30 Kendale Drive , Winnipeg R3T 5M4",674900,665000,RD,5,3.0,18,1998,Triple Attached,1630,nan,nan,Richmond West,1630.0,2025-06-11,Summer,Richmond West,674900,0
202507061,"79 Dunraven Avenue , Winnipeg R2M 0H5",324900,350444,RD,3,1.0,9,1949,Single Detached,nan,nan,St Vital,nan,0.0,2025-06-11,Summer,nan,324900,0
202510584,"21 Vivian Avenue , Winnipeg R3M 0E5",379900,480000,RD,4,2.0,8,1952,"Double Detached, Garage door opener, Rear Drive Access",1360,nan,nan,St Vital,1360.0,2025-06-11,Summer,St Vital,379900,0
202508226,"115 Springwood Drive , Winnipeg R2N 1B8",199900,180000,MH,2 (Den),1.0,24,1976,Front Drive Access,1220,nan,nan,South Glen,1220.0,2025-06-11,Summer,South Glen,199900,0
202506477,"410 Windflower Road , Winnipeg R3Y 0X5",725000,725000,RD,4,3.0,45,2020,Double Attached,2127,nan,nan,Bridgewater Trails,2127.0,2025-06-11,Summer,Bridgewater Trails,725000,0
202508763,"87 Water Bend Road , Winnipeg R3Y 0J9",1675000,1685000,RD,4,4.0,9,2017,Double Attached,3015,nan,nan,Bridgwater Lakes,3015.0,2025-06-11,Summer,Bridgwater Lakes,1675000,0
202506230,"112 Willow Creek Road , Winnipeg R3Y 0S9",1439000,1295000,RD,5,5.0,47,2019,Double Attached,2895,nan,nan,Bridgwater Trails,2895.0,2025-06-11,Summer,Bridgwater Trails,1439000,0
202502686,"106 Lake Bend Road , Winnipeg R3Y 0J4",1079900,1065000,RD,5,3.0,75,2014,Double Attached,1943,nan,nan,Bridgwater Lakes,1943.0,2025-06-11,Summer,Bridgwater Lakes,1079900,0
202506611,"59 Colbourne Drive , Winnipeg R3Y 0K6",644500,620000,RD,4,3.0,40,2012,Double Attached,1683,nan,nan,South Pointe,1683.0,2025-06-11,Summer,South Pointe,644500,0
202510668,"15 Sandpiper Drive , Winnipeg R3T 5E6",439900,445000,RD,3,3.0,6,1984,Double Attached,1717,nan,nan,Richmond West,1717.0,2025-06-11,Summer,Richmond West,439900,0
202510922,"59 Brentlawn Boulevard , Winnipeg R3T 4X9",399900,470000,RD,3,2.0,7,1978,Single Attached,1250,nan,nan,Richmond West,1250.0,2025-06-11,Summer,Richmond West,399900,0
202508919,"30 Kendale Drive , Winnipeg R3T 5M4",674900,665000,RD,5,3.0,18,1998,Triple Attached,1630,nan,nan,Richmond West,1630.0,2025-06-11,Summer,Richmond West,674900,0
202510544,"427 Eugenie Street , Winnipeg R2H 0Y9",399900,467000,RD,3,2.0,9,1941,"Single Detached, Carport, Oversized, Parking Pad",1020,nan,nan,Norwood,1020.0,2025-06-11,Summer,Norwood,399900,0
202510095,"39 Monck Avenue , Winnipeg R2H 1W7",589999,678000,RD,4,2.0,9,1947,"Single Detached, Garage door opener, Oversized, Parking Pad, Plug-In",2185,nan,nan,Norwood Flats,2185.0,2025-06-11,Summer,Norwood Flats,589999,0
202506579,"15 Parkville Drive , Winnipeg R2M 2H3",420000,410650,RD,2,2.0,50,1957,Single Detached,835,nan,nan,St Vital,835.0,2025-06-11,Summer,St Vital,420000,0
202510081,"46 Mager Drive , Winnipeg R2M 0S2",329900,329900,RD,3,1.0,6,1924,Single Detached,844,nan,nan,Elm Park,844.0,2025-06-11,Summer,Elm Park,329900,0
202510201,"102 Bright Oaks Bay , Winnipeg R2M 2M1",559900,585102,RD,3,2.0,8,1971,Single Attached,1100,nan,nan,Bright Oaks,1100.0,2025-06-11,Summer,Bright Oaks,559900,0
202509416,"76 Weaver Bay , Winnipeg R2M 2G8",399900,400000,RD,3,1.0,13,1962,"Front Drive Access, Parking Pad",1050,nan,nan,Pulberry,1050.0,2025-06-11,Summer,Pulberry,399900,0
202510779,"68 Elm Park Road , Winnipeg R2M 0V9",399900,451000,RD,3,1.0,7,1939,"Double Detached, Garage door opener",1212,nan,nan,Elm Park,1212.0,2025-06-11,Summer,Elm Park,399900,0
202507061,"79 Dunraven Avenue , Winnipeg R2M 0H5",324900,350444,RD,3,1.0,9,1949,Single Detached,908,nan,nan,St Vital,908.0,2025-06-11,Summer,St Vital,324900,0
202504255,"157 Fernwood Avenue , Winnipeg R2M 1C2",419900,500000,RD,4,2.0,7,1955,Single Detached,905,nan,nan,St Vital,905.0,2025-06-11,Summer,St Vital,419900,0
202510584,"21 Vivian Avenue , Winnipeg R3M 0E5",379900,480000,RD,4,2.0,8,1952,"Double Detached, Garage door opener, Rear Drive Access",1360,nan,nan,St Vital,1360.0,2025-06-11,Summer,St Vital,379900,0
202508226,"115 Springwood Drive , Winnipeg R2N 1B8",199900,180000,MH,2 (Den),1.0,24,1976,Front Drive Access,1220,nan,nan,South Glen,1220.0,2025-06-11,Summer,South Glen,199900,0
202508576,"349 Ashworth Street , Winnipeg R2N 2L7",399900,505000,RD,3,2.0,8,1986,"Double Detached, Plug-In",860,nan,nan,River Park South,860.0,2025-06-11,Summer,River Park South,399900,0
202506328,"11 Highcastle Crescent , Winnipeg R2N 2V6",534900,515000,RD,3,3.0,39,1991,Double Attached,1560,nan,nan,River Park South,1560.0,2025-06-11,Summer,River Park South,534900,0
202510022,"51 Ashford Drive , Winnipeg R2N 1K7",409900,404000,RD,3,2.0,9,1979,"Double Detached, Garage door opener, Oversized",968,nan,nan,River Park South,968.0,2025-06-11,Summer,River Park South,409900,0
202510751,"202 Paddington Road , Winnipeg R2N 1H4",374900,433000,RD,3,2.0,8,1979,"Single Detached, Carport",830,nan,nan,River Park South,830.0,2025-06-11,Summer,River Park South,374900,0
202510954,"106 Berkshire Bay , Winnipeg R2J 2M2",279900,331800,SA,3,1.0,7,1966,Parking Pad,1034,nan,nan,Windsor Park,1034.0,2025-06-11,Summer,Windsor Park,279900,0
202508694,"81 canberra Road , Winnipeg R2J 1W3",329900,350111,SA,3,2.0,9,0,nan,Fully Finished,nan,nan,Windsor Park,0.0,2025-06-11,Summer,Windsor Park,329900,0
202510801,"15 Boulder Bay , Winnipeg R2J 2C2",299900,396999,RD,2,1.0,5,0,nan,Front Drive Access,nan,nan,Windsor Park,0.0,2025-06-11,Summer,Windsor Park,299900,0
202511019,"30 Pembroke Road , Winnipeg R2J 1T2",430000,430000,RD,4,2.0,1,1962,Single Attached,nan,nan,Windsor Park,nan,0.0,2025-06-11,Summer,nan,430000,0
202510119,"86 Sabourin Place , Winnipeg R3X 0A6",674900,665000,RD,4,4.0,8,0,nan,Double Attached,nan,nan,Island Lakes,0.0,2025-06-11,Summer,Island Lakes,674900,0
202509680,"77 Ranville Road , Winnipeg R3X 0E1",549900,540000,RD,3,3.0,10,2010,Double Attached,1360,nan,nan,Sage Creek,1360.0,2025-06-11,Summer,Sage Creek,549900,0
202510491,"15 Kilroy Street , Winnipeg R3Y 0V5",569000,562000,RD,3,3.0,8,0,nan,Double Attached,nan,nan,Prairie Pointe,0.0,2025-06-11,Summer,Prairie Pointe,569000,0
202506477,"410 Windflower Road , Winnipeg R3Y 0X5",725000,725000,RD,4,3.0,45,2020,Double Attached,2127,nan,nan,Bridgwater Trails,2127.0,2025-06-11,Summer,Bridgwater Trails,725000,0
202510491,"15 Kilroy Street , Winnipeg R3Y 0V5",569000,562000,RD,3,3.0,8,0,nan,Double Attached,nan,nan,Prairie Pointe,0.0,2025-06-11,Summer,Prairie Pointe,569000,0
202506477,"410 Windflower Road , Winnipeg R3Y 0X5",725000,725000,RD,4,3.0,45,2020,Double Attached,2127,nan,nan,Bridgwater Trails,2127.0,2025-06-11,Summer,Bridgwater Trails,725000,0
202506230,"112 Willow Creek Road , Winnipeg R3Y 0S9",1439000,1295000,RD,5,5.0,47,2019,nan,nan,Bridgwater Trails,nan,nan,0.0,2025-06-11,Summer,nan,1439000,0
202510614,"26 Marksbridge Drive , Winnipeg R3P 2K5",679900,752000,RD,5,3.0,9,2002,Triple Attached,nan,nan,Linden Woods,nan,0.0,2025-06-11,Summer,nan,679900,0
202509956,"376 Lindenwood Drive E, Winnipeg R3P 2H1",794900,800000,RD,4,4.0,15,1992,Triple Attached,2218,nan,nan,Linden Woods,2218.0,2025-06-11,Summer,Linden Woods,794900,0
202510491,"15 Kilroy Street , Winnipeg R3Y 0V5",569000,562000,RD,3,3.0,8,0,nan,Double Attached,nan,nan,Prairie Pointe,0.0,2025-06-11,Summer,Prairie Pointe,569000,0
202506477,"410 Windflower Road , Winnipeg R3Y 0X5",725000,725000,RD,4,3.0,45,2020,Double Attached,2127,nan,nan,Bridgwater Trails,2127.0,2025-06-11,Summer,Bridgwater Trails,725000,0
202509982,"371 Agnes Street , Winnipeg R3G 1N5",224900,270000,RD,2,2.0,11,1905,Parking Pad,1300,nan,nan,West End,1300.0,2025-06-11,Summer,West End,224900,0
202507166,"861 Winnipeg Avenue , Winnipeg R3E 0R7",259900,245000,RD,3,1.0,40,1921,"Single Detached, Carport",1123,nan,nan,Weston,1123.0,2025-06-11,Summer,Weston,259900,0
202510821,"441 Dominion Street , Winnipeg R3G 2M8",444900,430000,RD,4,3.0,0,1913,"Parking Pad, Plug-In, Rear Drive Access",2174,nan,nan,Wolseley,2174.0,2025-06-11,Summer,Wolseley,444900,0
202510653,"624 Spruce Street , Winnipeg R3G 2Z1",259900,347624,RD,2,1.0,7,1928,"Parking Pad, Rear Drive Access",877,nan,nan,Polo Park,877.0,2025-06-11,Summer,Polo Park,259900,0
202502424,"817 ST PAUL Avenue , Winnipeg R3G 0K9",219900,193000,VL,0,0.0,80,0,nan,0,nan,nan,West End,0.0,2025-06-11,Summer,West End,219900,0
202509919,"406 Truro Street , Winnipeg R3J 2A4",427900,452000,DP,3,3.0,8,2012,Parking Pad,nan,nan,St James,nan,0.0,2025-06-11,Summer,nan,427900,0
202510718,"1857 Plessis Road , Winnipeg R3W 0B3",279900,380000,RD,3,2.0,6,0,nan,Single Attached,nan,nan,Lakeside Meadows,0.0,2025-06-11,Summer,Lakeside Meadows,279900,0
202505916,"11 Fiorentino Street , Winnipeg R3W 0H2",674900,657000,RD,6,4.0,38,0,nan,Double Attached,nan,nan,Starlite Village,0.0,2025-06-11,Summer,Starlite Village,674900,0
202510110,"130 Whitehall Boulevard , Winnipeg R2C 0Y5",389900,389000,RD,3,2.0,13,0,nan,Parking Pad,nan,nan,East Transcona,0.0,2025-06-11,Summer,East Transcona,389900,0
202510688,"39 Craglea Corner , Winnipeg R2C4H8",299900,350000,RD,2,0.0,6,0,"Corner Insert, Stone/Wood",nan,nan,nan,Canterbury Park,0.0,2025-06-11,Summer,Canterbury Park,299900,0
202509723,"43 Parade Drive , Winnipeg R2C 0S3",474700,455000,RD,4,3.0,12,0,nan,Double Detached,nan,nan,East Transcona,0.0,2025-06-11,Summer,East Transcona,474700,0
202510574,"96 Zawaly Bay , Winnipeg R2C 5C2",349900,380000,RD,3,2.0,9,0,nan,Parking Pad,nan,nan,Canterbury Park,0.0,2025-06-11,Summer,Canterbury Park,349900,0
202509509,"307 Emberwell Street , Winnipeg R2C 5V6",474900,470000,RD,3,3.0,12,2024,Parking Pad,1430,nan,nan,Summerlea,1430.0,2025-06-11,Summer,Summerlea,474900,0
202509480,"180 Allenby Crescent , Winnipeg R2C 3S2",299900,435000,RD,4,2.0,7,0,nan,14/9999Rear Single Detached,nan,nan,Trancona,0.0,2025-06-11,Summer,Trancona,299900,0
202510839,"219 Hoddinott Road , East St Paul R2E 0H7",349900,450000,RD,3,2.0,7,0,nan,Single Detached,nan,nan,East St Paul,0.0,2025-06-11,Summer,East St Paul,349900,0
202510047,"281 Leila Avenue , Winnipeg R2W 1L7",229900,225000,RD,2,1.0,7,1917,Single Detached,nan,nan,West Kildonan,nan,0.0,2025-06-11,Summer,nan,229900,0
202510253,"88 Eaton Street , Winnipeg R2L 1V1",219900,233000,RD,3,2.0,8,0,nan,Rear Drive Access,nan,nan,East Kildonan,0.0,2025-06-11,Summer,East Kildonan,219900,0
202508360,"922 Aberdeen Avenue , Winnipeg R2X 0W4",229900,229900,RD,3,1.0,23,0,nan,Parking Pad,nan,nan,Burrows Central,0.0,2025-06-11,Summer,Burrows Central,229900,0
202504923,"540 Redwood Avenue , Winnipeg R2X 1Y4",149900,145000,RD,2,1.0,58,0,nan,Parking Pad,nan,nan,North End,0.0,2025-06-11,Summer,North End,149900,0
202507166,"861 Winnipeg Avenue , Winnipeg R3E 0R7",259900,245000,RD,3,1.0,40,0,nan,Single Detached Carport,nan,nan,Weston,0.0,2025-06-11,Summer,Weston,259900,0
202510821,"441 Dominion Street , Winnipeg R3G 2M8",444900,430000,RD,3,2.0,0,1913,nan,nan,nan,Wolseley,nan,0.0,2025-06-11,Summer,nan,444900,0
202510791,"14 Woods Avenue , Shilo R0K 2A0",263900,257500,RD,4,1.0,1,0,nan,Single Attached,nan,nan,CSE,0.0,2025-06-11,Summer,CSE,263900,0
202509793,"170 Garrioch Avenue , Winnipeg R3J 2T5",379900,400000,RD,4,2.0,7,0,nan,Double Detached,nan,nan,Silver Heights,0.0,2025-06-11,Summer,Silver Heights,379900,0
202510907,"9 Leicester Square , Winnipeg R3J 3Z9",279900,325000,RD,4,1.0,6,0,nan,Parking Pad,nan,nan,Jameswood,0.0,2025-06-11,Summer,Jameswood,279900,0
202512696,"130 Sunnyside Boulevard , Winnipeg R3J 3M2",309800,320000,RD,3,1.0,0,0,nan,nan,nan,nan,nan,0.0,2025-06-11,Summer,nan,309800,0
202510657,"492 Galloway Street , Winnipeg R2X 1Y4",469900,505555,RD,3,3.0,9,0,nan,Single Attached,nan,nan,Sinclair Park,0.0,2025-06-11,Summer,Sinclair Park,469900,0
202510718,"1857 Plessis Road , Winnipeg R3W 0B3",279900,380000,RD,3,2.0,6,0,nan,Single Attached,nan,nan,Lakeside Meadows,0.0,2025-06-11,Summer,Lakeside Meadows,279900,0
202509796,"570 Walker Avenue , Winnipeg R3L 1C4",334900,401570,Two Story,2,2.0,6,1909,Parking Pad,1025,nan,nan,Lord Roberts,1025.0,2025-06-11,Summer,Lord Roberts,334900,0
202509555,"1149 McMillan Avenue , Winnipeg R3M 0T7",339900,355000,Bungalow,1,2.0,9,1946,Single Detached,700,nan,nan,Crescentwood,700.0,2025-06-11,Summer,Crescentwood,339900,0
202509486,"1026 Jessie Avenue , Winnipeg R3M 1B2",539900,555000,Two Story,2,1.0,12,1927,Double Detached,1250,nan,nan,Crescentwood,1250.0,2025-06-11,Summer,Crescentwood,539900,0
202510175,"1125 Corydon Avenue , Winnipeg R3M 0X4",249900,300000,Bungalow,2,1.0,6,1946,Single Detached,810,nan,nan,Crescentwood,810.0,2025-06-11,Summer,Crescentwood,249900,0
202506003,"353 Yale Avenue , Winnipeg R3M 0L5",629900,620000,Two Story,4,4.0,45,1929,Double Detached,3126,nan,nan,Crescentwood,3126.0,2025-06-11,Summer,Crescentwood,629900,0
202510151,"451 Waverley Street , Winnipeg R3M 3K6",769000,801000,Two Story,3,4.0,7,1941,Double Detached,1642,nan,nan,River Heights,1642.0,2025-06-11,Summer,River Heights,769000,0
202508742,"144 Borebank Street , Winnipeg R3N 1C9",424899,424000,Two Story,3,1.0,13,1914,Double Detached,1657,nan,nan,River Heights North,1657.0,2025-06-11,Summer,River Heights North,424899,0
202510906,"603 Oak Street , Winnipeg R3M 3P9",487500,487500,Bungalow,3,1.0,57,1950,Single Detached,1088,nan,nan,River Heights,1088.0,2025-06-11,Summer,River Heights,487500,0
202507888,"440 Cordova Street , Winnipeg R3N 1A7",580000,540000,Two Story,4,3.0,24,1951,Double Detached,2085,nan,nan,River Heights,2085.0,2025-06-11,Summer,River Heights,580000,0
202509940,"955 Queenston Bay , Winnipeg R3N 0Y3",599900,740995,Two Story,4,3.0,6,1963,Double Detached,1780,nan,nan,River Heights,1780.0,2025-06-11,Summer,River Heights,599900,0
202509575,"77 Aldershot Boulevard , Winnipeg R3P 0C9",899900,1205000,Four Level Split,3,4.0,10,1967,Double Attached,3054,nan,nan,Tuxedo,3054.0,2025-06-11,Summer,Tuxedo,899900,0
202508557,"28 Swann Drive , Winnipeg R3R 3T9",1599000,1599000,Two Story,4,4.0,13,1998,Double Attached,3403,nan,nan,Charleswood,3403.0,2025-06-11,Summer,Charleswood,1599000,0
202508855,"90 Royalgate Road , Winnipeg R3R 2G4",749900,800500,Split Two Level,4,4.0,8,1974,Double Attached,2136,nan,nan,Charleswood,2136.0,2025-06-11,Summer,Charleswood,749900,0
202503670,"4921 Eldridge Avenue , Winnipeg R3R 0M4",499900,545000,Bungalow,3,2.0,7,1969,Double Detached,1128,nan,nan,Charleswood,1128.0,2025-06-11,Summer,Charleswood,499900,0
202510222,"533 Berkley Street , Winnipeg R3R 1K1",319900,420000,Bi-Level,4,2.0,7,1976,Front Drive Access,1006,nan,nan,Charleswood,1006.0,2025-06-11,Summer,Charleswood,319900,0
202509417,"74 Norlorne Drive , Winnipeg R3R 2Y6",399900,451888,Bungalow,3,1.0,10,1979,Single Attached,1128,nan,nan,Charleswood,1128.0,2025-06-11,Summer,Charleswood,399900,0
202509941,"744 Haney Street , Winnipeg R3R 0Y8",474900,500000,Bungalow,3,3.0,9,1972,Double Detached,1329,nan,nan,Charleswood,1329.0,2025-06-11,Summer,Charleswood,474900,0
202509627,"533 Charleswood Road , Winnipeg R3R 1K5",559900,639000,Two Story,3,4.0,9,1982,Double Attached,2043,nan,nan,Charleswood,2043.0,2025-06-11,Summer,Charleswood,559900,0
202505358,"59 THE BRIDLE Path , Winnipeg R3R 3B4",479900,517500,Bungalow,5,2.0,6,1981,Double Attached,1450,nan,nan,Charleswood,1450.0,2025-06-11,Summer,Charleswood,479900,0
202509614,"726 Community Row , Winnipeg R3R 1H7",429900,429900,Bungalow,3,2.0,7,1971,No Garage,1076,nan,nan,Charleswood,1076.0,2025-06-11,Summer,Charleswood,429900,0
202508902,"38 Norlorne Drive , Winnipeg R3R 2Y6",419900,450000,Four Level Split,4,2.0,7,1979,Double Detached,1558,nan,nan,Charleswood,1558.0,2025-06-11,Summer,Charleswood,419900,0
202509323,"50 Lavenham Crescent , Winnipeg R3R 1T3",299900,325000,Two Story,2,1.0,6,1969,Front Drive Access,1076,nan,nan,Westdale,1076.0,2025-06-11,Summer,Westdale,299900,0
202508164,"1 Jasmine Close , Winnipeg R3R 1T5",349900,355000,Bungalow,3,1.0,12,1970,Double Detached,1056,nan,nan,Charleswood,1056.0,2025-06-11,Summer,Charleswood,349900,0
202508660,"708 Riverwood Avenue , Winnipeg R3T 1K6",299900,300000,Bungalow,3,1.0,15,1949,Front Drive Access,1168,nan,nan,East Fort Garry,1168.0,2025-06-11,Summer,East Fort Garry,299900,0
202510005,"856 Holly Avenue , Winnipeg R3T 1W4",499900,630000,Four Level Split,4,2.0,6,1958,Double Detached,1936,nan,nan,East Fort Garry,1936.0,2025-06-11,Summer,East Fort Garry,499900,0
202509055,"1111 Somerville Avenue , Winnipeg R3T 1B8",319900,371111,One and a Half Story,4,1.0,9,1946,Single Detached,986,nan,nan,West Fort Garry,986.0,2025-06-11,Summer,West Fort Garry,319900,0
202509718,"1 Biscayne Bay , Winnipeg R3T 0N4",299900,310000,Two Story,3,2.0,9,1954,Parking Pad,1032,nan,nan,West Fort Garry,1032.0,2025-06-11,Summer,West Fort Garry,299900,0
202506109,"19 Magdalene Bay , Winnipeg R3T 3L3",494900,482000,Bungalow,3,2.0,40,1972,Parking Pad,1065,nan,nan,Fort Richmond,1065.0,2025-06-11,Summer,Fort Richmond,494900,0
202509848,"26 Acadia Bay , Winnipeg R3T 1R2",389900,436000,Bungalow,3,1.0,7,1969,Double Detached,1158,nan,nan,Fort Richmond,1158.0,2025-06-11,Summer,Fort Richmond,389900,0
202507458,"86 Syracuse Crescent , Winnipeg R3T 4P4",529000,510000,Bungalow,3,3.0,24,1979,Double Attached,1307,nan,nan,Waverley Heights,1307.0,2025-06-11,Summer,Waverley Heights,529000,0
202509445,"139 Wallingford Crescent , Winnipeg R3P 1L5",624900,624900,Two Story,4,4.0,12,1987,Double Attached,2080,nan,nan,Linden Woods,2080.0,2025-06-11,Summer,Linden Woods,624900,0
202509734,"144 Huntingdale Road , Winnipeg R3P 2H2",649000,770000,Two Story,3,4.0,7,1993,Double Attached,1950,nan,nan,Linden Woods,1950.0,2025-06-11,Summer,Linden Woods,649000,0
202509387,"876 Lemay Avenue , Winnipeg R3V 1E5",399900,500876,Bungalow,3,2.0,7,1965,Single Attached,1140,nan,nan,St Norbert,1140.0,2025-06-11,Summer,St Norbert,399900,0
202425783,"35 Bibeaudel Place , Winnipeg R3R 0M7",379900,364900,Bi-Level,4,2.0,16,1985,Front Drive Access,1058,nan,nan,Grandmont Park,1058.0,2025-06-11,Summer,Grandmont Park,379900,0
202509323,"50 Lavenham Crescent , Winnipeg R3R 1T3",299900,325000,Two Story,2,1.0,6,1969,Front Drive Access,1076,nan,nan,Westdale,1076.0,2025-06-11,Summer,Westdale,299900,0
202508164,"1 Jasmine Close , Winnipeg R3R 1T5",349900,355000,Bungalow,3,1.0,12,1970,Double Detached,1056,nan,nan,Charleswood,1056.0,2025-06-11,Summer,Charleswood,349900,0
202508553,"239 Oak Lawn Road , Winnipeg R3Y 0H1",849900,850000,Bungalow,2,3.0,7,2011,Double Attached,1736,nan,nan,Bridgwater Forest,1736.0,2025-06-11,Summer,Bridgwater Forest,849900,0
202505385,"31 Bass Bay , Winnipeg R3Y 2H3",504900,494400,Two Story,3,3.0,59,2025,Single Attached,1489,nan,nan,Prairie Pointe,1489.0,2025-06-11,Summer,Prairie Pointe,504900,0
202504578,"49 Firestone Drive , Winnipeg R3Y 2H9",417900,407306,Two Story,3,3.0,69,2025,Parking Pad,1399,nan,nan,Prairie Pointe,1399.0,2025-06-11,Summer,Prairie Pointe,417900,0
202509657,"0 Public Road , Winnipeg X0X 0X0",79900,73000,Vacant Land,0,0.0,15,0,Not Applicable,0,nan,nan,Bridgwater Lakes,0.0,2025-06-11,Summer,Bridgwater Lakes,79900,0
202508553,"239 Oak Lawn Road , Winnipeg R3Y 0H1",849900,850000,Bungalow,2,3.0,7,2011,Double Attached,1736,nan,nan,Bridgwater Forest,1736.0,2025-06-11,Summer,Bridgwater Forest,849900,0
202509614,"726 Community Row , Winnipeg R3R 1H7",429900,429900,Bungalow,3,2.0,7,1971,Front Drive Access,1076,nan,nan,Charleswood,1076.0,2025-06-11,Summer,Charleswood,429900,0
202508902,"38 Norlorne Drive , Winnipeg R3R 2Y6",419900,450000,Four Level Split,4,2.0,7,1979,Double Detached,1558,nan,nan,Charleswood,1558.0,2025-06-11,Summer,Charleswood,419900,0
202505358,"59 THE BRIDLE Path , Winnipeg R3R 3B4",479900,517500,Bungalow,5,2.0,6,1981,Double Attached,1450,nan,nan,Charleswood,1450.0,2025-06-11,Summer,Charleswood,479900,0
202509323,"50 Lavenham Crescent , Winnipeg R3R 1T3",299900,325000,Two Story,2,1.0,6,1969,Front Drive Access,1076,nan,nan,Westdale,1076.0,2025-06-11,Summer,Westdale,299900,0
202508164,"1 Jasmine Close , Winnipeg R3R 1T5",349900,355000,Bungalow,3,1.0,12,1970,Double Detached,1056,nan,nan,Charleswood,1056.0,2025-06-11,Summer,Charleswood,349900,0
202508660,"708 Riverwood Avenue , Winnipeg R3T 1K6",299900,300000,Bungalow,3,1.0,15,1949,Front Drive Access,1168,nan,nan,East Fort Garry,1168.0,2025-06-11,Summer,East Fort Garry,299900,0
202510005,"856 Holly Avenue , Winnipeg R3T 1W4",499900,630000,Four Level Split,4,2.0,6,1958,Double Detached,1936,nan,nan,East Fort Garry,1936.0,2025-06-11,Summer,East Fort Garry,499900,0
202509055,"1111 Somerville Avenue , Winnipeg R3T 1B8",319900,371111,One and a Half Story,4,1.0,9,1946,Single Detached,986,nan,nan,West Fort Garry,986.0,2025-06-11,Summer,West Fort Garry,319900,0
202509718,"1 Biscayne Bay , Winnipeg R3T 0N4",299900,310000,Townhouse,3,2.0,9,1954,Parking Pad,1032,nan,nan,West Fort Garry,1032.0,2025-06-11,Summer,West Fort Garry,299900,0
202506109,"19 Magdalene Bay , Winnipeg R3T 3L3",494900,482000,Bungalow,3,2.0,40,1972,Parking Pad,1065,nan,nan,Fort Richmond,1065.0,2025-06-11,Summer,Fort Richmond,494900,0
202509848,"26 Acadia Bay , Winnipeg R3T 1R2",389900,436000,Bungalow,3,1.0,7,1969,Double Detached,1158,nan,nan,Fort Richmond,1158.0,2025-06-11,Summer,Fort Richmond,389900,0
202507458,"86 Syracuse Crescent , Winnipeg R3T 4P4",529000,510000,Bungalow,3,2.0,24,1979,Double Attached,1307,nan,nan,Waverley Heights,1307.0,2025-06-11,Summer,Waverley Heights,529000,0
202509734,"144 Huntingdale Road , Winnipeg R3P 2H2",649000,770000,Two Story,3,4.0,7,1993,Double Attached,1950,nan,nan,Linden Woods,1950.0,2025-06-11,Summer,Linden Woods,649000,0
202509387,"876 Lemay Avenue , Winnipeg R3V 1E5",399900,500876,Bungalow,3,2.0,7,1965,Single Attached,1140,nan,nan,St Norbert,1140.0,2025-06-11,Summer,St Norbert,399900,0
202425783,"35 Bibeaudel Place , Winnipeg R3R 0M7",379900,364900,Bi-Level,4,2.0,16,1985,Front Drive Access,1058,nan,nan,Grandmont Park,1058.0,2025-06-11,Summer,Grandmont Park,379900,0
202509323,"50 Lavenham Crescent , Winnipeg R3R 1T3",299900,325000,Two Story,2,1.0,6,1969,Front Drive Access,1076,nan,nan,Westdale,1076.0,2025-06-11,Summer,Westdale,299900,0
202508164,"1 Jasmine Close , Winnipeg R3R 1T5",349900,355000,Bungalow,3,1.0,12,1970,Double Detached,1056,nan,nan,Charleswood,1056.0,2025-06-11,Summer,Charleswood,349900,0
202508660,"708 Riverwood Avenue , Winnipeg R3T 1K6",299900,300000,Bungalow,3,1.0,15,1949,Front Drive Access,1168,nan,nan,East Fort Garry,1168.0,2025-06-11,Summer,East Fort Garry,299900,0
202510005,"856 Holly Avenue , Winnipeg R3T 1W4",499900,630000,Four Level Split,4,2.0,6,1958,Double Detached,1936,nan,nan,East Fort Garry,1936.0,2025-06-11,Summer,East Fort Garry,499900,0
202509055,"1111 Somerville Avenue , Winnipeg R3T 1B8",319900,371111,One and a Half Story,4,1.0,9,1946,Single Detached,986,nan,nan,West Fort Garry,986.0,2025-06-11,Summer,West Fort Garry,319900,0
202509718,"1 Biscayne Bay , Winnipeg R3T 0N4",299900,310000,Townhouse,3,2.0,9,1954,Parking Pad,1032,nan,nan,West Fort Garry,1032.0,2025-06-11,Summer,West Fort Garry,299900,0
202506109,"19 Magdalene Bay , Winnipeg R3T 3L3",494900,482000,Bungalow,3,2.0,40,1972,Parking Pad,1065,nan,nan,Fort Richmond,1065.0,2025-06-11,Summer,Fort Richmond,494900,0
202509848,"26 Acadia Bay , Winnipeg R3T 1R2",389900,436000,Bungalow,3,1.0,7,1969,Double Detached,1158,nan,nan,Fort Richmond,1158.0,2025-06-11,Summer,Fort Richmond,389900,0
202507458,"86 Syracuse Crescent , Winnipeg R3T 4P4",529000,510000,Bungalow,3,3.0,24,1979,Double Attached,1307,nan,nan,Waverley Heights,1307.0,2025-06-11,Summer,Waverley Heights,529000,0
202509445,"139 Wallingford Crescent , Winnipeg R3P 1L5",624900,624900,Two Story,4,4.0,12,1987,Double Attached,2080,nan,nan,Linden Woods,2080.0,2025-06-11,Summer,Linden Woods,624900,0
202509734,"144 Huntingdale Road , Winnipeg R3P 2H2",649000,770000,Two Story,3,4.0,7,1993,Double Attached,1950,nan,nan,Linden Woods,1950.0,2025-06-11,Summer,Linden Woods,649000,0
202508980,"55 Beacon Hill Place , Winnipeg R3Y 1S8",739000,725000,Two Story,5,4.0,15,1996,Double Attached,2360,nan,nan,Whyte Ridge,2360.0,2025-06-11,Summer,Whyte Ridge,739000,0
202509387,"876 Lemay Avenue , Winnipeg R3V 1E5",399900,500876,Bungalow,3,2.0,7,1965,Single Attached,1140,nan,nan,St Norbert,1140.0,2025-06-11,Summer,St Norbert,399900,0
202425783,"35 Bibeaudel Place , Winnipeg R3R 0M7",379900,364900,Bi-Level,4,2.0,16,1985,Front Drive Access,1058,nan,nan,Grandmont Park,1058.0,2025-06-11,Summer,Grandmont Park,379900,0
202509323,"50 Lavenham Crescent , Winnipeg R3R 1T3",299900,325000,Two Story,2,1.0,6,1969,Front Drive Access,1076,nan,nan,Westdale,1076.0,2025-06-11,Summer,Westdale,299900,0
202508164,"1 Jasmine Close , Winnipeg R3R 1T5",349900,355000,Bungalow,3,1.0,12,1970,Double Detached,1056,nan,nan,Charleswood,1056.0,2025-06-11,Summer,Charleswood,349900,0
202508660,"708 Riverwood Avenue , Winnipeg R3T 1K6",299900,300000,Bungalow,3,1.0,15,1949,Front Drive Access,1168,nan,nan,East Fort Garry,1168.0,2025-06-11,Summer,East Fort Garry,299900,0
202510005,"856 Holly Avenue , Winnipeg R3T 1W4",499900,630000,Four Level Split,4,2.0,6,1958,Double Detached,1936,nan,nan,East Fort Garry,1936.0,2025-06-11,Summer,East Fort Garry,499900,0
202509055,"1111 Somerville Avenue , Winnipeg R3T 1B8",319900,371111,One and a Half Story,4,1.0,9,1946,Single Detached,986,nan,nan,West Fort Garry,986.0,2025-06-11,Summer,West Fort Garry,319900,0
202509718,"1 Biscayne Bay , Winnipeg R3T 0N4",299900,310000,Townhouse,3,2.0,9,1954,Parking Pad,1032,nan,nan,West Fort Garry,1032.0,2025-06-11,Summer,West Fort Garry,299900,0
202506109,"19 Magdalene Bay , Winnipeg R3T 3L3",494900,482000,Bungalow,3,2.0,40,1972,Parking Pad,1065,nan,nan,Fort Richmond,1065.0,2025-06-11,Summer,Fort Richmond,494900,0
202509848,"26 Acadia Bay , Winnipeg R3T 1R2",389900,436000,Bungalow,3,1.0,7,1969,Double Detached,1158,nan,nan,Fort Richmond,1158.0,2025-06-11,Summer,Fort Richmond,389900,0
202507458,"86 Syracuse Crescent , Winnipeg R3T 4P4",529000,510000,Bungalow,3,3.0,24,1979,Double Attached,1307,nan,nan,Waverley Heights,1307.0,2025-06-11,Summer,Waverley Heights,529000,0
202508902,"38 Norlorne Drive , Winnipeg R3R 2Y6",419900,450000,Four Level Split,4,2.0,7,1979,Double Detached,1558,nan,nan,Charleswood,1558.0,2025-06-11,Summer,Charleswood,419900,0
202505358,"59 THE BRIDLE Path , Winnipeg R3R 3B4",479900,517500,Bungalow,5,2.0,6,1981,Double Attached,1450,nan,nan,Charleswood,1450.0,2025-06-11,Summer,Charleswood,479900,0
202509941,"744 Haney Street , Winnipeg R3R 0Y8",474900,500000,Bungalow,3,3.0,9,1972,Double Detached,1329,nan,nan,Charleswood,1329.0,2025-06-11,Summer,Charleswood,474900,0
202509627,"533 Charleswood Road , Winnipeg R3R 1K5",559900,639000,Two Story,3,4.0,9,1982,Double Attached,2043,nan,nan,Charleswood,2043.0,2025-06-11,Summer,Charleswood,559900,0
202508553,"239 Oak Lawn Road , Winnipeg R3Y 0H1",849900,850000,Bungalow,2,3.0,7,2011,Double Attached,1736,nan,nan,Bridgwater Forest,1736.0,2025-06-11,Summer,Bridgwater Forest,849900,0
202510222,"533 Berkley Street , Winnipeg R3R 1K1",319900,420000,Bi-Level,4,2.0,7,1976,Front Drive Access,1006,nan,nan,Charleswood,1006.0,2025-06-11,Summer,Charleswood,319900,0
202509417,"74 Norlorne Drive , Winnipeg R3R 2Y6",399900,451888,Bungalow,3,1.0,10,1979,Single Attached,1128,nan,nan,Charleswood,1128.0,2025-06-11,Summer,Charleswood,399900,0
202508557,"28 Swann Drive , Winnipeg R3R 3T9",1599000,1599000,Two Story,4,4.0,13,1998,Double Attached,3403,nan,nan,Charleswood,3403.0,2025-06-11,Summer,Charleswood,1599000,0
202507888,"440 Cordova Street , Winnipeg R3N 1A7",580000,540000,Two Story,4,3.0,24,1951,Double Detached,2085,nan,nan,River Heights,2085.0,2025-06-11,Summer,River Heights,580000,0
202509940,"955 Queenston Bay , Winnipeg R3N 0Y3",599900,740995,Two Story,4,3.0,6,1963,Double Detached,1780,nan,nan,River Heights,1780.0,2025-06-11,Summer,River Heights,599900,0
202504696,"3 Triton Bay , Winnipeg R2M 2E8",424900,435000,Bungalow,3,2.0,7,1960,Single Detached,1268,nan,nan,Pulberry,1268.0,2025-06-11,Summer,Pulberry,424900,0
202507737,"65 Firestone Drive , Winnipeg R3Y 2H9",459900,455000,Townhouse,3,3.0,17,2024,Single Detached,1399,nan,nan,Prairie Pointe,1399.0,2025-06-11,Summer,Prairie Pointe,459900,0
202509312,"16 St George Road , Winnipeg R2M 3H9",239900,280000,Bungalow,2,1.0,7,1945,Double Detached,840,nan,nan,St Vital,840.0,2025-06-11,Summer,St Vital,239900,0
202510023,"113 Vivian Avenue , Winnipeg R2M 0E6",349900,342000,Bi-Level,3,2.0,2,2003,Single Detached,930,nan,nan,St Vital,930.0,2025-06-11,Summer,St Vital,349900,0
202506640,"368 Beliveau Road , Winnipeg R2M 1T4",364900,343500,Bungalow,0,0.0,35,1950,Double Detached,800,nan,nan,St Vital,800.0,2025-06-11,Summer,St Vital,364900,0
202509148,"179 Imperial Avenue , Winnipeg R2M 0K9",369900,370000,Bungalow,3,1.0,7,1963,Parking Pad,1050,nan,nan,St Vital,1050.0,2025-06-11,Summer,St Vital,369900,0
202509330,"39 Sunstone Bay , Winnipeg R3Y 0N5",549900,572000,Bungalow,5,3.0,8,2014,Double Attached,1359,nan,nan,South Pointe,1359.0,2025-06-11,Summer,South Pointe,549900,0
202510067,"91 Eagleview Road NW, Winnipeg R3Y 1N3",739000,740000,Two Story,4,4.0,4,2014,Double Attached,2291,nan,nan,Bridgwater Lakes,2291.0,2025-06-11,Summer,Bridgwater Lakes,739000,0
202509751,"143 Lake Bend Road , Winnipeg R3Y 1N3",859900,880000,Two Story,5,4.0,8,2014,Double Attached,2858,nan,nan,Bridgwater Lakes,2858.0,2025-06-11,Summer,Bridgwater Lakes,859900,0
202505609,"305 Park West Drive , Winnipeg R3Y 0V9",455000,447000,Townhouse,3,3.0,29,2017,Parking Pad,1462,nan,nan,Bridgwater Centre,1462.0,2025-06-11,Summer,Bridgwater Centre,455000,0
202509735,"53 Firestone Drive , Winnipeg R3Y 2H9",417900,415000,Townhouse,3,3.0,67,2025,Parking Pad,1399,nan,nan,Prairie Pointe,1399.0,2025-06-11,Summer,Prairie Pointe,417900,0
202508934,"156 Red Spruce Road , Winnipeg R3Y 0R1",719900,717000,Two Story,3,3.0,7,2017,Double Attached,2043,nan,nan,Bridgwater Lakes,2043.0,2025-06-11,Summer,Bridgwater Lakes,719900,0
202510210,"38 Catfish Creek Cove , Winnipeg R3Y 0G8",619900,638000,Two Story,4,3.0,7,2011,Double Attached,2090,nan,nan,South Pointe,2090.0,2025-06-11,Summer,South Pointe,619900,0
202509763,"820 Aldgate Road , Winnipeg R2N 4P3",519900,550000,Cabover,4,3.0,9,2005,Double Attached,1560,nan,nan,River Park South,1560.0,2025-06-11,Summer,River Park South,519900,0
202509281,"3 Berube Place , Winnipeg R3X 1E3",489900,510000,Two Story,3,3.0,9,1986,Double Attached,1460,nan,nan,Island Lakes,1460.0,2025-06-11,Summer,Island Lakes,489900,0
202506298,"106 Evelyne Reese Boulevard , Winnipeg R3X 2G9",469900,463000,Townhouse,3,3.0,43,2017,Parking Pad,1462,nan,nan,Bonavista,1462.0,2025-06-11,Summer,Bonavista,469900,0
202504631,"176 Evelyne Reese Boulevard , Winnipeg R3X 0P2",489000,485000,Townhouse,3,3.0,62,2021,Single Detached,1492,nan,nan,Bonavista,1492.0,2025-06-11,Summer,Bonavista,489000,0
202509782,"447 tweed Avenue , Winnipeg R2L 0W1",154900,154900,Bungalow,2,1.0,6,1907,Rear Drive Access,600,nan,nan,Elmwood,600.0,2025-06-11,Summer,Elmwood,154900,0
202508786,"44 Scammel Road , Winnipeg R2N 4P7",559900,573000,Bungalow,3,3.0,9,2014,Double Attached,1352,nan,nan,River Park South,1352.0,2025-06-11,Summer,River Park South,559900,0
203123143,"139 Wallingford Crescent , Winnipeg R3P 1L5",624900,624900,Two Story,4,4.0,12,1987,Double Attached,2080,nan,nan,Linden Woods,2080.0,2025-06-11,Summer,Linden Woods,624900,0
202509734,"144 Huntingdale Road , Winnipeg R3P 2H2",649000,770000,Two Story,3,4.0,7,1993,Double Attached,1950,nan,nan,Linden Woods,1950.0,2025-06-11,Summer,Linden Woods,649000,0
202509387,"876 Lemay Avenue , Winnipeg R3V 1E5",399900,500876,Bungalow,3,2.0,7,1965,Single Attached,1140,nan,nan,St Norbert,1140.0,2025-06-11,Summer,St Norbert,399900,0
202425783,"35 Bibeaudel Place , Winnipeg R3R 0M7",379900,364900,Bi-Level,4,2.0,16,1985,Front Drive Access,1058,nan,nan,Grandmont Park,1058.0,2025-06-11,Summer,Grandmont Park,379900,0
202509323,"50 Lavenham Crescent , Winnipeg R3R 1T3",299900,325000,Two Story,2,1.0,6,1969,Front Drive Access,1076,nan,nan,Westdale,1076.0,2025-06-11,Summer,Westdale,299900,0
202508164,"1 Jasmine Close , Winnipeg R3R 1T5",349900,355000,Bungalow,3,1.0,12,1970,Double Detached,1056,nan,nan,Charleswood,1056.0,2025-06-11,Summer,Charleswood,349900,0
202508660,"708 Riverwood Avenue , Winnipeg R3T 1K6",299900,300000,Bungalow,3,1.0,15,1949,Front Drive Access,1168,nan,nan,East Fort Garry,1168.0,2025-06-11,Summer,East Fort Garry,299900,0
202510005,"856 Holly Avenue , Winnipeg R3T 1W4",499900,630000,Four Level Split,4,2.0,6,1958,Double Detached,1936,nan,nan,East Fort Garry,1936.0,2025-06-11,Summer,East Fort Garry,499900,0
202509055,"1111 Somerville Avenue , Winnipeg R3T 1B8",319900,371111,One and a Half Story,4,1.0,9,1946,Single Detached,986,nan,nan,West Fort Garry,986.0,2025-06-11,Summer,West Fort Garry,319900,0
202509718,"1 Biscayne Bay , Winnipeg R3T 0N4",299900,310000,Townhouse,3,2.0,9,1954,Parking Pad,1032,nan,nan,West Fort Garry,1032.0,2025-06-11,Summer,West Fort Garry,299900,0
202506109,"19 Magdalene Bay , Winnipeg R3T 3L3",494900,482000,Bungalow,3,2.0,40,1972,Parking Pad,1065,nan,nan,Fort Richmond,1065.0,2025-06-11,Summer,Fort Richmond,494900,0
202509848,"26 Acadia Bay , Winnipeg R3T 1R2",389900,436000,Bungalow,3,1.0,7,1969,Double Detached,1158,nan,nan,Fort Richmond,1158.0,2025-06-11,Summer,Fort Richmond,389900,0
202507458,"86 Syracuse Crescent , Winnipeg R3T 4P4",529000,510000,Bungalow,3,3.0,24,1979,Double Attached,1307,nan,nan,Waverley Heights,1307.0,2025-06-11,Summer,Waverley Heights,529000,0
202509445,"139 Wallingford Crescent , Winnipeg R3P 1L5",624900,624900,Two Story,4,4.0,12,1987,Double Attached,2080,nan,nan,Linden Woods,2080.0,2025-06-11,Summer,Linden Woods,624900,0
202509734,"144 Huntingdale Road , Winnipeg R3P 2H2",649000,770000,Two Story,3,4.0,7,1993,Double Attached,1950,nan,nan,Linden Woods,1950.0,2025-06-11,Summer,Linden Woods,649000,0
202509387,"876 Lemay Avenue , Winnipeg R3V 1E5",399900,500876,Bungalow,3,2.0,7,1965,Single Attached,1140,nan,nan,St Norbert,1140.0,2025-06-11,Summer,St Norbert,399900,0
202425783,"35 Bibeaudel Place , Winnipeg R3R 0M7",379900,364900,Bi-Level,4,2.0,16,1985,Front Drive Access,1058,nan,nan,Grandmont Park,1058.0,2025-06-11,Summer,Grandmont Park,379900,0
202509323,"50 Lavenham Crescent , Winnipeg R3R 1T3",299900,325000,Two Story,2,1.0,6,1969,Front Drive Access,1076,nan,nan,Westdale,1076.0,2025-06-11,Summer,Westdale,299900,0
202508164,"1 Jasmine Close , Winnipeg R3R 1T5",349900,355000,Bungalow,3,1.0,12,1970,Double Detached,1056,nan,nan,Charleswood,1056.0,2025-06-11,Summer,Charleswood,349900,0
202508660,"708 Riverwood Avenue , Winnipeg R3T 1K6",299900,300000,Bungalow,3,1.0,15,1949,Front Drive Access,1168,nan,nan,East Fort Garry,1168.0,2025-06-11,Summer,East Fort Garry,299900,0
202510005,"856 Holly Avenue , Winnipeg R3T 1W4",499900,630000,Four Level Split,4,2.0,6,1958,Double Detached,1936,nan,nan,East Fort Garry,1936.0,2025-06-11,Summer,East Fort Garry,499900,0
202509055,"1111 Somerville Avenue , Winnipeg R3T 1B8",319900,371111,One and a Half Story,4,1.0,9,1946,Single Detached,986,nan,nan,West Fort Garry,986.0,2025-06-11,Summer,West Fort Garry,319900,0
202509718,"1 Biscayne Bay , Winnipeg R3T 0N4",299900,310000,Townhouse,3,2.0,9,1954,Parking Pad,1032,nan,nan,West Fort Garry,1032.0,2025-06-11,Summer,West Fort Garry,299900,0
202506109,"19 Magdalene Bay , Winnipeg R3T 3L3",494900,482000,Bungalow,3,2.0,40,1972,Parking Pad,1065,nan,nan,Fort Richmond,1065.0,2025-06-11,Summer,Fort Richmond,494900,0
202509848,"26 Acadia Bay , Winnipeg R3T 1R2",389900,436000,Bungalow,3,1.0,7,1969,Double Detached,1158,nan,nan,Fort Richmond,1158.0,2025-06-11,Summer,Fort Richmond,389900,0
202507458,"86 Syracuse Crescent , Winnipeg R3T 4P4",529000,510000,Bungalow,3,3.0,24,1979,Double Attached,1307,nan,nan,Waverley Heights,1307.0,2025-06-11,Summer,Waverley Heights,529000,0
202508902,"38 Norlorne Drive , Winnipeg R3R 2Y6",419900,450000,Four Level Split,4,2.0,7,1979,Double Detached,1558,nan,nan,Charleswood,1558.0,2025-06-11,Summer,Charleswood,419900,0
202509473,"3441 Beiko Avenue , Winnipeg R3R 0M7",599900,640000,Bungalow,3,3.0,9,1983,Double Attached,1575,nan,nan,Charleswood,1575.0,2025-06-11,Summer,Charleswood,599900,0
202505358,"59 THE BRIDLE Path , Winnipeg R3R 3B4",479900,517500,Bungalow,5,2.0,6,1981,Double Attached,1450,nan,nan,Charleswood,1450.0,2025-06-11,Summer,Charleswood,479900,0
202509941,"744 Haney Street , Winnipeg R3R 0Y8",474900,500000,Bungalow,3,3.0,9,1972,Double Detached,1329,nan,nan,Charleswood,1329.0,2025-06-11,Summer,Charleswood,474900,0
202509627,"533 Charleswood Road , Winnipeg R3R 1K5",559900,639000,Two Story,3,4.0,9,1982,Double Attached,2043,nan,nan,Charleswood,2043.0,2025-06-11,Summer,Charleswood,559900,0
202508553,"239 Oak Lawn Road , Winnipeg R3Y 0H1",849900,850000,Bungalow,2,3.0,7,2011,Double Attached,1736,nan,nan,Bridgwater Forest,1736.0,2025-06-11,Summer,Bridgwater Forest,849900,0
202510222,"533 Berkley Street , Winnipeg R3R 1K1",319900,420000,Bi-Level,4,2.0,7,1976,Front Drive Access,1006,nan,nan,Charleswood,1006.0,2025-06-11,Summer,Charleswood,319900,0
202509417,"74 Norlorne Drive , Winnipeg R3R 2Y6",399900,451888,Bungalow,3,1.0,10,1979,Single Attached,1128,nan,nan,Charleswood,1128.0,2025-06-11,Summer,Charleswood,399900,0
202508557,"28 Swann Drive , Winnipeg R3R 3T9",1599000,1599000,Two Story,4,4.0,13,1998,Double Attached,3403,nan,nan,Charleswood,3403.0,2025-06-11,Summer,Charleswood,1599000,0
202507888,"440 Cordova Street , Winnipeg R3N 1A7",580000,540000,Two Story,4,3.0,24,1951,Double Detached,2085,nan,nan,River Heights,2085.0,2025-06-11,Summer,River Heights,580000,0
202509940,"955 Queenston Bay , Winnipeg R3N 0Y3",599900,740995,Two Story,4,3.0,6,1963,Double Detached,1780,nan,nan,River Heights,1780.0,2025-06-11,Summer,River Heights,599900,0
202504696,"3 Triton Bay , Winnipeg R2M 2E8",424900,435000,Bungalow,3,2.0,7,1960,Single Detached,1268,nan,nan,Pulberry,1268.0,2025-06-11,Summer,Pulberry,424900,0
202507737,"65 Firestone Drive , Winnipeg R3Y 2H9",459900,455000,Townhouse,3,3.0,17,2024,Single Detached,1399,nan,nan,Prairie Pointe,1399.0,2025-06-11,Summer,Prairie Pointe,459900,0
202509164,"366 Dubuc Street , Winnipeg R2H 1G1",399900,465366,One and a Half Story,3,1.0,8,1947,Single Detached,1216,nan,nan,Norwood,1216.0,2025-06-11,Summer,Norwood,399900,0
202509312,"16 St George Road , Winnipeg R2M 3H9",239900,280000,Bungalow,2,1.0,7,1945,Double Detached,840,nan,nan,St Vital,840.0,2025-06-11,Summer,St Vital,239900,0
202510023,"113 Vivian Avenue , Winnipeg R2M 0E6",349900,342000,Bi-Level,3,2.0,2,2003,Single Detached,930,nan,nan,St Vital,930.0,2025-06-11,Summer,St Vital,349900,0
202506640,"368 Beliveau Road , Winnipeg R2M 1T4",364900,343500,Bungalow,0,0.0,35,1950,Double Detached,800,nan,nan,St Vital,800.0,2025-06-11,Summer,St Vital,364900,0
202509148,"179 Imperial Avenue , Winnipeg R2M 0K9",369900,370000,Bungalow,3,1.0,7,1963,Parking Pad,1050,nan,nan,St Vital,1050.0,2025-06-11,Summer,St Vital,369900,0
202509330,"39 Sunstone Bay , Winnipeg R3Y 0N5",549900,572000,Bungalow,5,3.0,8,2014,Double Attached,1359,nan,nan,South Pointe,1359.0,2025-06-11,Summer,South Pointe,549900,0
202510067,"91 Eagleview Road NW, Winnipeg R3Y 1N3",739000,740000,Two Story,4,4.0,4,2014,Double Attached,2291,nan,nan,Bridgwater Lakes,2291.0,2025-06-11,Summer,Bridgwater Lakes,739000,0
202509751,"143 Lake Bend Road , Winnipeg R3Y 1N3",859900,880000,Two Story,5,4.0,8,2014,Double Attached,2858,nan,nan,Bridgwater Lakes,2858.0,2025-06-11,Summer,Bridgwater Lakes,859900,0
202505609,"305 Park West Drive , Winnipeg R3Y 0V9",455000,447000,Townhouse,3,3.0,29,2017,Parking Pad,1462,nan,nan,Bridgwater Centre,1462.0,2025-06-11,Summer,Bridgwater Centre,455000,0
202509735,"53 Firestone Drive , Winnipeg R3Y 2H9",417900,415000,Townhouse,3,3.0,67,2025,Parking Pad,1399,nan,nan,Prairie Pointe,1399.0,2025-06-11,Summer,Prairie Pointe,417900,0
202508934,"156 Red Spruce Road , Winnipeg R3Y 0R1",719900,717000,Two Story,3,3.0,7,2017,Double Attached,2043,nan,nan,Bridgwater Lakes,2043.0,2025-06-11,Summer,Bridgwater Lakes,719900,0
202510210,"38 Catfish Creek Cove , Winnipeg R3Y 0G8",619900,638000,Two Story,4,3.0,7,2011,Double Attached,2090,nan,nan,South Pointe,2090.0,2025-06-11,Summer,South Pointe,619900,0
202509763,"820 Aldgate Road , Winnipeg R2N 4P3",519900,550000,Cabover,4,3.0,9,2005,Double Attached,1560,nan,nan,River Park South,1560.0,2025-06-11,Summer,River Park South,519900,0
202509281,"3 Berube Place , Winnipeg R3X 1E3",489900,510000,Two Story,3,3.0,9,1986,Double Attached,1460,nan,nan,Island Lakes,1460.0,2025-06-11,Summer,Island Lakes,489900,0
202506298,"106 Evelyne Reese Boulevard , Winnipeg R3X 2G9",469900,463000,Townhouse,3,3.0,43,2017,Parking Pad,1462,nan,nan,Bonavista,1462.0,2025-06-11,Summer,Bonavista,469900,0
202504631,"176 Evelyne Reese Boulevard , Winnipeg R3X 0P2",489000,485000,Townhouse,3,3.0,62,2021,Single Detached,1492,nan,nan,Bonavista,1492.0,2025-06-11,Summer,Bonavista,489000,0
202509782,"447 tweed Avenue , Winnipeg R2L 0W1",154900,154900,Bungalow,2,1.0,6,1907,Rear Drive Access,600,nan,nan,Elmwood,600.0,2025-06-11,Summer,Elmwood,154900,0
202508786,"44 Scammel Road , Winnipeg R2N 4P7",559900,573000,Bungalow,3,3.0,9,2014,Double Attached,1352,nan,nan,River Park South,1352.0,2025-06-11,Summer,River Park South,559900,0
202509375,"1 Manring Cove , Winnipeg R3X 2E9",649900,655000,Two Story,4,3.0,9,1986,Double Attached,2057,nan,nan,Southdale,2057.0,2025-06-11,Summer,Southdale,649900,0
202510053,"38 Ranville Road , Winnipeg R3X 0E1",549900,621900,Cabover,3,2.0,7,2010,Double Attached,1575,nan,nan,Sage Creek,1575.0,2025-06-11,Summer,Sage Creek,549900,0
202510228,"20 Sonora Crescent , Winnipeg R2N 1B3",249900,249000,Mobile Home,3,2.0,3,1997,Single Detached,1216,nan,nan,Southglen Mobile Home Community,1216.0,2025-06-11,Summer,Southglen Mobile Home Community,249900,0
202507157,"53 Beaudry Bay , Winnipeg R3X 0E4",674900,650000,Bungalow,3,2.0,28,1998,Double Attached,1807,nan,nan,Royalwood,1807.0,2025-06-11,Summer,Royalwood,674900,0
202509991,"7 Islington Court , Winnipeg R2N 0G9",529900,572000,Bungalow,3,2.0,8,2013,Double Attached,1432,nan,nan,River Park South,1432.0,2025-06-11,Summer,River Park South,529900,0
202509782,"434 William Newton Avenue , Winnipeg R2L 0W5",269900,269900,Two Story,3,3.0,6,1907,Parking Pad,1400,nan,nan,Elmwood,1400.0,2025-06-11,Summer,Elmwood,269900,0
202508292,"22 Bluemeadow Road , Winnipeg R3T 0M7",419900,450000,Bungalow,3,1.0,6,0,Single Attached,1128,nan,nan,Charleswood,1128.0,2025-06-11,Summer,Charleswood,419900,0
202510175,"1125 Corydon Avenue , Winnipeg R3M 0X4",249900,300000,Bungalow,2,1.0,6,1946,Single Detached,810,nan,nan,Crescentwood,810.0,2025-06-11,Summer,Crescentwood,249900,0
202509312,"16 St George Road , Winnipeg R2M 3H9",239900,280000,Bungalow,2,1.0,7,1945,Double Detached,840,nan,nan,St Vital,840.0,2025-06-11,Summer,St Vital,239900,0
202510023,"113 Vivian Avenue , Winnipeg R2M 0E6",349900,342000,Bi-Level,3,2.0,2,2003,Single Detached,930,nan,nan,St Vital,930.0,2025-06-11,Summer,St Vital,349900,0
202507163,"127 Seaside Drive , Winnipeg R3Y 0Z5",577500,572500,Two Story,3,4.0,29,2013,Double Attached,1527,nan,nan,Waterside Estates,1527.0,2025-06-11,Summer,Waterside Estates,577500,0
202508261,"435 Bridge Lake Drive , Winnipeg R3Y 0S3",545000,536000,Two Story,3,3.0,17,2017,Double Detached,1600,nan,nan,Bridgwater Lakes,1600.0,2025-06-11,Summer,Bridgwater Lakes,545000,0
202509554,"19 Skyline Drive , Winnipeg R3Y 0Z5",769900,782000,Two Story,5,3.0,4,2017,Double Attached,2252,nan,nan,Prairie Pointe,2252.0,2025-06-11,Summer,Prairie Pointe,769900,0
202510004,"32 Stone Meadow Road , Winnipeg R3Y 1S4",599900,599900,Two Story,5,4.0,9,2017,Double Detached,1621,nan,nan,Bridgwater Trails,1621.0,2025-06-11,Summer,Bridgwater Trails,599900,0
202505385,"31 Bass Bay , Winnipeg R3Y 2H3",504900,494400,Two Story,3,3.0,59,2025,Single Attached,1489,nan,nan,Prairie Pointe,1489.0,2025-06-11,Summer,Prairie Pointe,504900,0
202504581,"49 Firestone Drive , Winnipeg R3Y 2H9",417900,407306,Townhouse,3,3.0,69,2025,Parking Pad,1399,nan,nan,Prairie Pointe,1399.0,2025-06-11,Summer,Prairie Pointe,417900,0
202509657,"0 Public Road , Winnipeg X0X 0X0",79900,73000,Vacant Land,0,0.0,15,0,Not Applicable,0,nan,nan,Bridgwater Lakes,0.0,2025-06-11,Summer,Bridgwater Lakes,79900,0
202505020,"239 Oak Lawn Road , Winnipeg R3Y 0H1",849900,850000,Bungalow,2,3.0,7,2011,Double Attached,1736,nan,nan,Bridgwater Forest,1736.0,2025-06-11,Summer,Bridgwater Forest,849900,0
202509614,"726 Community Row , Winnipeg R3R 1H7",429900,429900,Bungalow,3,2.0,7,1971,Front Drive Access,1076,nan,nan,Charleswood,1076.0,2025-06-11,Summer,Charleswood,429900,0
202508902,"38 Norlorne Drive , Winnipeg R3R 2Y6",419900,450000,Four Level Split,4,2.0,7,1979,Double Detached,1558,nan,nan,Charleswood,1558.0,2025-06-11,Summer,Charleswood,419900,0
202505358,"59 THE BRIDLE Path , Winnipeg R3R 3B4",479900,517500,Bungalow,5,2.0,6,1981,Double Attached,1450,nan,nan,Charleswood,1450.0,2025-06-11,Summer,Charleswood,479900,0
202509941,"744 Haney Street , Winnipeg R3R 0Y8",474900,500000,Bungalow,3,3.0,9,1972,Double Detached,1329,nan,nan,Charleswood,1329.0,2025-06-11,Summer,Charleswood,474900,0
202509627,"533 Charleswood Road , Winnipeg R3R 1K5",559900,639000,Two Story,3,4.0,9,1982,Double Attached,2043,nan,nan,Charleswood,2043.0,2025-06-11,Summer,Charleswood,559900,0
202510222,"533 Berkley Street , Winnipeg R3R 1K1",319900,420000,Bi-Level,4,2.0,7,1976,Front Drive Access,1006,nan,nan,Charleswood,1006.0,2025-06-11,Summer,Charleswood,319900,0
202508557,"28 Swann Drive , Winnipeg R3R 3T9",1599000,1599000,Two Story,4,4.0,13,1998,Double Attached,3403,nan,nan,Charleswood,3403.0,2025-06-11,Summer,Charleswood,1599000,0
202507888,"440 Cordova Street , Winnipeg R3N 1A7",580000,540000,Two Story,4,3.0,24,1951,Double Detached,2085,nan,nan,River Heights,2085.0,2025-06-11,Summer,River Heights,580000,0
202509940,"955 Queenston Bay , Winnipeg R3N 0Y3",599900,740995,Two Story,4,3.0,6,1963,Double Detached,1780,nan,nan,River Heights,1780.0,2025-06-11,Summer,River Heights,599900,0
202504696,"3 Triton Bay , Winnipeg R2M 2E8",424900,435000,Bungalow,3,2.0,7,1960,Single Detached,1268,nan,nan,Pulberry,1268.0,2025-06-11,Summer,Pulberry,424900,0
202507737,"65 Firestone Drive , Winnipeg R3Y 2H9",459900,455000,Townhouse,3,3.0,17,2024,Single Detached,1399,nan,nan,Prairie Pointe,1399.0,2025-06-11,Summer,Prairie Pointe,459900,0
202509312,"16 St George Road , Winnipeg R2M 3H9",239900,280000,Bungalow,2,1.0,7,1945,Double Detached,840,nan,nan,St Vital,840.0,2025-06-11,Summer,St Vital,239900,0
202510023,"113 Vivian Avenue , Winnipeg R2M 0E6",349900,342000,Bi-Level,3,2.0,2,2003,Single Detached,930,nan,nan,St Vital,930.0,2025-06-11,Summer,St Vital,349900,0
202506640,"368 Beliveau Road , Winnipeg R2M 1T4",364900,343500,Bungalow,0,0.0,35,1950,Double Detached,800,nan,nan,St Vital,800.0,2025-06-11,Summer,St Vital,364900,0
202509148,"179 Imperial Avenue , Winnipeg R2M 0K9",369900,370000,Bungalow,3,1.0,7,1963,Parking Pad,1050,nan,nan,St Vital,1050.0,2025-06-11,Summer,St Vital,369900,0