listing_date,season,mls_number,neighborhood,address,list_price,sold_price,sell_list_ratio,dom,bedrooms,bathrooms,garage_type,house_type,style,type,sqft,lot_size
2025-06-25,Summer,43db030caf,Riverview,34 Arnold Avenue,0.0,0.0,0.0,0,2,1.0,none,Single Family Detached,One and a Half,Single Family Detached,840,0.0
2025-06-25,Summer,ccac87003a,Fort Rouge,211 Morley Avenue,0.0,0.0,0.0,0,3,1.0,none,Single Family Detached,Two Storey,Single Family Detached,1037,9.29
2025-06-25,Summer,83b48cd50b,Fort Rouge,405 Churchill Drive,1958.0,289900.0,148.06,0,2,2.0,Parking pad,Single Family Detached,Bungalow,Single Family Detached,1472,0.0
2025-06-25,Summer,1719b3d86b,Riverview,228 Balfour Avenue,3833.0,349000.0,91.05,0,1,1.5,"detached, double",Single Family Detached,Bungalow,Single Family Detached,860,46.45
2025-06-25,Summer,6d0b239c76,Riverview,271 Wavell Avenue,0.0,0.0,0.0,0,2,1.0,none,Single Family Detached,Bungalow,Single Family Detached,1066,0.0
2025-06-25,Summer,c933f398e2,Riverview,301 Ashland Avenue,0.0,0.0,0.0,0,3,2.0,none,Single Family Detached,Bi-Level,Single Family Detached,1354,0.0
2025-06-25,Summer,7f8a62e37e,Riverview,223 Bartlet Avenue,0.0,0.0,0.0,0,2,1.0,none,Single Family Detached,Bungalow,Single Family Detached,824,0.0
2025-06-25,Summer,fd5ae1a1a0,Riverview,231 Montgomery Avenue,0.0,0.0,0.0,0,2,2.0,none,Single Family Detached,Bungalow,Single Family Detached,864,0.0
2025-06-25,Summer,50bfc12de6,Riverview,174 Montgomery Avenue,0.0,0.0,0.0,0,3,1.0,none,Single Family Detached,Bungalow,Single Family Detached,1012,0.0
2025-06-25,Summer,34735a21d3,Lord Roberts,148 Morley Avenue,4416.0,399900.0,90.56,0,3,1.0,Parking pad,Single Family Detached,Bungalow,Single Family Detached,846,0.0
2025-06-25,Summer,44596673e8,Riverview,315 Ashland Avenue,0.0,0.0,0.0,0,2,2.0,none,Single Family Detached,Bungalow,Single Family Detached,1330,0.0
2025-06-25,Summer,f1f8f9e1e6,Riverview,231 Balfour Avenue,4249.0,419900.0,98.82,0,2,1.5,Parking pad,Single Family Detached,Bungalow,Single Family Detached,840,0.0
2025-06-25,Summer,ffe5b3bee3,Riverview,222 Balfour Avenue,6415.0,569000.0,88.7,0,3,2.5,none,Single Family Detached,Two Storey,Single Family Detached,1850,0.0
2025-06-25,Summer,c571584438,Riverview,116 Clare Avenue,4499.0,388000.0,86.24,0,2,2.0,none,Single Family Detached,One and a Half,Single Family Detached,1227,41.99
2025-06-25,Summer,0c1ca49f8f,Riverview,310 Maplewood Avenue,3892.0,1199800.0,308.27,0,3,3.5,none,Single Family Detached,Two Storey,Single Family Detached,1946,0.0
2025-06-25,Summer,4266d9e6d6,Riverview,115 Baltimore Road,4987.0,444900.0,89.21,0,3,1.5,none,Single Family Detached,One and a Half,Single Family Detached,1200,0.0
2025-06-25,Summer,617f572256,Riverview,316 Baltimore Road,4130.0,569900.0,137.99,0,5,1.5,none,Single Family Detached,,Single Family Detached,2375,0.0
2025-06-25,Summer,7a105f341e,Riverview,137 Ashland Avenue,0.0,0.0,0.0,0,3,3.5,none,Single Family Detached,Two Storey,Single Family Detached,2287,0.0
2025-06-25,Summer,8ff8f43483,Fort Rouge,356 Ashland Avenue,0.0,0.0,0.0,0,2,2.0,none,Single Family Detached,Bungalow,Single Family Detached,1226,0.0
2025-06-25,Summer,894caa7ceb,Riverview,636 Jubilee Avenue,3916.0,419900.0,107.23,0,2,1.0,"Parking pad, rear drive",Single Family Detached,Bungalow,Single Family Detached,885,0.0
2025-06-25,Summer,ee0afcf0a2,Lord Roberts,24 Morley Avenue,4468.0,379900.0,85.03,0,2,2.0,"Parking pad, rear drive",Single Family Detached,Two Storey,Single Family Detached,1400,0.0
2025-06-25,Summer,2e16369743,Fort Rouge,192 Arnold Avenue,2922.0,269900.0,92.37,0,2,1.0,Parking pad,Single Family Detached,One and a Half,Single Family Detached,1080,0.0
2025-06-25,Summer,c6a16d53bc,Fort Rouge,853 Nassau Street,0.0,0.0,0.0,0,2,1.0,none,Single Family Detached,Bungalow,Single Family Detached,800,0.0
2025-06-25,Summer,1de9aaf7c2,Lord Roberts,770 Walker Avenue,3488.0,319899.0,91.71,0,4,1.0,Parking pad,Single Family Detached,One and a Half,Single Family Detached,1147,0.0
2025-06-25,Summer,5e0c7402e6,Lord Roberts,728 Walker Avenue,0.0,0.0,0.0,0,3,2.0,none,Single Family Detached,Bungalow,Single Family Detached,990,91.97
2025-06-25,Summer,b51e97e122,Riverview,339 Arnold Avenue,4004.0,274900.0,68.66,0,2,1.0,none,Single Family Detached,One and a Half,Single Family Detached,980,0.0
2025-06-25,Summer,69f1fb3c64,Lord Roberts,570 Walker Avenue,0.0,0.0,0.0,0,2,2.0,none,Single Family Detached,Two Storey,Single Family Detached,1025,0.0
2025-06-25,Summer,3e2e803483,Fort Rouge,489 Rathgar Avenue,0.0,0.0,0.0,0,4,2.0,none,Single Family Detached,,Single Family Detached,1146,0.0
2025-06-25,Summer,e2676f67d0,Lord Roberts,480 Beresford Avenue,2648.0,219900.0,83.04,0,3,2.0,rear drive,Single Family Detached,,Single Family Detached,1072,0.0
2025-06-25,Summer,126f19f2ad,Lord Roberts,565 Beresford Avenue,0.0,0.0,0.0,0,2,1.0,none,Single Family Detached,Bungalow,Single Family Detached,930,0.0
2025-06-25,Summer,c5615bf7f7,Lord Roberts,473 Beresford Avenue,4050.0,429900.0,106.15,0,3,1.0,none,Single Family Detached,Two Storey,Single Family Detached,1552,0.0
2025-06-25,Summer,85d1bb9f0b,Lord Roberts,567 McNaughton Avenue,4618.0,399900.0,86.6,0,3,1.5,none,Single Family Detached,One and a Half,Single Family Detached,1340,0.0
2025-06-25,Summer,3e2f95391d,Fort Rouge,777 Rathgar Avenue,0.0,0.0,0.0,0,2,1.0,none,Single Family Detached,Bungalow,Single Family Detached,752,0.0
2025-06-25,Summer,625f897715,Lord Roberts,307 Morley Avenue,2828.0,249900.0,88.37,0,3,1.0,none,Single Family Detached,,Single Family Detached,1040,0.0
2025-06-25,Summer,60548c2069,Lord Roberts,590 Walker Avenue,3267.0,349900.0,107.1,0,3,1.0,Parking pad,Single Family Detached,Two Storey,Single Family Detached,1260,0.0
2025-06-25,Summer,a57de9d2dc,Lord Roberts,5 Taft Crescent,3359.0,289900.0,86.31,0,4,1.0,Parking pad,Single Family Detached,Two Storey,Townhouse,1362,0.0
2025-06-25,Summer,54f666bb8c,Lord Roberts,439 Morley Avenue,0.0,0.0,0.0,0,2,1.0,none,Single Family Detached,One and a Half,Single Family Detached,1000,0.0
2025-06-25,Summer,1b12026a01,Lord Roberts,744 Walker Avenue,0.0,0.0,0.0,0,3,1.5,none,Single Family Detached,Two Storey,Single Family Detached,1280,0.0
2025-06-25,Summer,27af599c53,Riverview,311 Arnold Avenue,2993.0,269900.0,90.18,0,2,3.0,Parking pad,Single Family Detached,Two Storey,Single Family Detached,1760,0.0
2025-06-25,Summer,2557eb4210,Fort Rouge,462 Arnold Avenue,0.0,0.0,0.0,0,2,1.0,none,Single Family Detached,Bungalow,Single Family Detached,963,81.75
2025-06-25,Summer,3a3c813418,Lord Roberts,557 Rosedale Avenue,3457.0,299900.0,86.75,0,3,1.5,Parking pad,Single Family Detached,,Single Family Detached,1465,0.0
2025-06-25,Summer,1b9c68f7ed,Lord Roberts,409 Morley Avenue,4349.0,409900.0,94.25,0,2,2.5,none,Single Family Detached,Two Storey,Single Family Detached,1190,0.0
2025-06-25,Summer,eefc486382,Fort Rouge,682 Beresford Avenue,2882.0,229800.0,79.74,0,2,1.0,Parking pad,Single Family Detached,,Single Family Detached,1056,0.0
2025-06-25,Summer,89f02e369c,Lord Roberts,299 Arnold Avenue,0.0,0.0,0.0,0,3,1.0,none,Single Family Detached,Two Storey,Single Family Detached,1194,0.0
2025-06-25,Summer,521a54ba98,Lord Roberts,575 Walker Avenue,3516.0,419000.0,119.17,0,1,1.0,Parking pad,Single Family Detached,Bungalow,Single Family Detached,854,0.0
2025-06-25,Summer,66343ee694,Lord Roberts,450 Arnold Avenue,0.0,0.0,0.0,0,2,1.0,none,Single Family Detached,Bungalow,Single Family Detached,688,0.0
2025-06-25,Summer,0131baa1ef,Fort Rouge,553 Rathgar Avenue,2255.0,229900.0,101.95,0,3,1.0,Parking pad,Single Family Detached,,Single Family Detached,1008,0.0
2025-06-25,Summer,64474f3a75,Lord Roberts,324 Morley Avenue,0.0,0.0,0.0,0,3,1.0,none,Single Family Detached,One and a Half,Single Family Detached,1058,0.0
2025-06-25,Summer,877af9d379,Fort Rouge,572 Hethrington Avenue,1922.0,159900.0,83.19,0,3,3.0,Parking pad,Single Family Detached,Bi-Level,Single Family Detached,1041,0.0
2025-06-25,Summer,d8143cfa18,Fort Rouge,560 Beresford Avenue,2208.0,179900.0,81.48,0,2,1.0,rear drive,Single Family Detached,One and a Half,Single Family Detached,925,0.0
2025-06-25,Summer,94783a0525,Lord Roberts,606 Rosedale Avenue,0.0,0.0,0.0,0,3,1.0,none,Single Family Detached,Bungalow,Single Family Detached,660,0.0
2025-06-25,Summer,548059c16b,Lord Roberts,305 Morley Avenue,2588.0,279900.0,108.15,0,3,1.5,"Parking pad, rear drive",Single Family Detached,,Single Family Detached,1180,0.0
2025-06-25,Summer,e909a30da3,Crescentwood,515 Wardlaw Avenue,0.0,0.0,0.0,0,4,2.0,none,Single Family Detached,,Single Family Detached,2018,0.0
2025-06-25,Summer,43225d9bc9,Crescentwood,940 Garwood Avenue,4810.0,599990.0,124.74,0,4,2.0,Parking pad,Single Family Detached,One and a Half,Single Family Detached,1145,0.0
2025-06-25,Summer,be74c3bc27,Crescentwood,814 Dudley Avenue,0.0,0.0,0.0,0,4,1.5,none,Single Family Detached,One and a Half,Single Family Detached,1200,0.0
2025-06-25,Summer,051d567216,Crescentwood,768 Garwood Avenue,0.0,0.0,0.0,0,2,1.0,none,Single Family Detached,Bungalow,Single Family Detached,638,0.0
2025-06-25,Summer,c928a43d8f,Osborne Village,569 Fleet Avenue,4151.0,339900.0,81.88,0,3,2.0,none,Single Family Detached,Two Storey,Single Family Detached,1200,0.0
2025-06-25,Summer,02a1f30b02,Crescentwood,1149 McMillan Avenue,4299.0,339900.0,79.06,0,1,2.0,none,Single Family Detached,Bungalow,Single Family Detached,700,0.0
2025-06-25,Summer,cd32e2e565,Crescentwood,724 Ebby Avenue,0.0,0.0,0.0,0,2,1.0,none,Single Family Detached,Bungalow,Single Family Detached,700,0.0
2025-06-25,Summer,549350182b,Crescentwood,805 Dudley Avenue,0.0,0.0,0.0,0,2,2.0,none,Single Family Detached,One and a Half,Single Family Detached,1120,0.0
2025-06-25,Summer,8dd9529e8c,Osborne Village,742 Weatherdon Avenue,3893.0,349900.0,89.88,0,2,1.0,Parking pad,Single Family Detached,One and a Half,Single Family Detached,981,0.0
2025-06-25,Summer,8cfcf87428,Crescentwood,608 Fleet Avenue,0.0,0.0,0.0,0,3,1.5,none,Single Family Detached,Bungalow,Single Family Detached,991,0.0
2025-06-25,Summer,a37f9c0e3b,Crescentwood,593 Fleet Avenue,0.0,0.0,0.0,0,2,1.0,none,Single Family Detached,One and a Half,Single Family Detached,832,0.0
2025-06-25,Summer,e67df5c876,Crescentwood,857 Lorette Avenue,0.0,0.0,0.0,0,2,1.0,none,Single Family Detached,One and a Half,Single Family Detached,880,0.0
2025-06-25,Summer,9c45d19344,Crescentwood,791 Lorette Avenue,0.0,0.0,0.0,0,2,1.0,none,Single Family Detached,One and a Half,Single Family Detached,936,0.0
2025-06-25,Summer,ebeabcdffd,Crescentwood,734 Dudley Avenue,3207.0,279900.0,87.28,0,3,2.0,Parking pad,Single Family Detached,One and a Half,Single Family Detached,1152,0.0
2025-06-25,Summer,1754aeae14,Crescentwood,575 Fleet Avenue,0.0,0.0,0.0,0,3,0.5,none,Single Family Detached,Two Storey,Single Family Detached,1200,0.0
2025-06-25,Summer,69f6e16b3a,Osborne Village,836 Hector Avenue,0.0,0.0,0.0,0,3,1.0,none,Single Family Detached,One and a Half,Single Family Detached,1330,0.0
2025-06-25,Summer,ee0e461e49,Osborne Village,803 DUDLEY Avenue,4480.0,389900.0,87.03,0,3,2.0,none,Single Family Detached,,Single Family Detached,1260,0.0
2025-06-25,Summer,68ef2c7acb,Osborne Village,600 Fleet Avenue,0.0,0.0,0.0,0,2,1.0,none,Single Family Detached,Bungalow,Single Family Detached,850,0.0
2025-06-25,Summer,687c4900d7,Crescentwood,724 Mulvey Avenue,0.0,0.0,0.0,0,3,1.5,none,Single Family Detached,Two Storey,Single Family Detached,1128,0.0
2025-06-25,Summer,4535a2e711,Osborne Village,755 Ebby Avenue,0.0,0.0,0.0,0,3,1.5,none,Single Family Detached,Two Storey,Single Family Attached,1216,0.0
2025-06-25,Summer,05c57a76ab,Crescentwood,519 McMillan Avenue,4444.0,399900.0,89.99,0,4,2.0,"Parking pad, plug-in, rear drive",Single Family Detached,,Single Family Detached,1475,0.0
2025-06-25,Summer,e4c31221a8,Osborne Village,731 Scotland Avenue,0.0,0.0,0.0,0,1,1.0,none,Single Family Detached,Bungalow,Single Family Detached,653,0.0
2025-06-25,Summer,724f6d5523,Crescentwood,117 Norquay Street,0.0,0.0,0.0,0,3,2.5,none,Single Family Detached,,Single Family Detached,1736,0.0
2025-06-25,Summer,42d4ce8130,Crescentwood,1112 Dudley Avenue,2374.0,169900.0,71.57,25,2,1.0,rear drive,Single Family Detached,One and a Half,Single Family Detached,1140,0.0
2025-06-25,Summer,afac618198,Crescentwood,604 Warsaw Avenue,2930.0,264900.0,90.41,0,3,1.5,none,Single Family Detached,One and a Half,Single Family Detached,920,0.0
2025-06-25,Summer,2e0b02d1b2,Crescentwood,858 Fleet Avenue,0.0,0.0,0.0,0,3,2.5,none,Single Family Detached,Two Storey,Single Family Detached,1480,0.0
2025-06-25,Summer,6a7927007f,Crescentwood,638 McMillan Avenue,4289.0,369000.0,86.03,0,4,1.0,Parking pad,Single Family Detached,Two Storey,Single Family Detached,1365,0.0
2025-06-25,Summer,29b1f0864a,Crescentwood,763 Hector Avenue,0.0,0.0,0.0,0,2,2.0,none,Single Family Detached,Bi-Level,Single Family Detached,890,0.0
2025-06-25,Summer,66e43f2f3f,Osborne Village,788 Fleet Avenue,4159.0,464900.0,111.78,0,5,1.0,none,Single Family Detached,,Single Family Detached,1612,0.0
2025-06-25,Summer,b5b9098c85,Crescentwood,1131 Corydon Avenue,0.0,0.0,0.0,0,3,1.0,none,Single Family Detached,Two Storey,Single Family Detached,1248,0.0
2025-06-25,Summer,bfe5dd3b83,Crescentwood,1229 Corydon Avenue,0.0,0.0,0.0,0,4,1.5,none,Single Family Detached,One and a Half,Single Family Detached,1210,0.0
2025-06-25,Summer,56d991efd7,Crescentwood,1074 Hector Bay,3645.0,359900.0,98.74,0,3,1.0,"Parking pad, plug-in",Single Family Detached,Bungalow,Single Family Detached,1044,0.0
2025-06-25,Summer,a466d7ca58,Osborne Village,1024 Fleet Avenue,4013.0,309900.0,77.22,0,2,1.5,none,Single Family Detached,One and a Half,Single Family Detached,950,0.0
2025-06-25,Summer,20251320,Riverview,405 Churchill Drive,6177.0,347.0,0.06,0,2,2.0,none,Single Family Detached,,Other,472,136.75
2025-06-25,Summer,20251308,Fort Rouge,853 Nassau Street,2029.0,950.0,0.47,0,2,2.0,none,Single Family Detached,Bungalow,,800,74.32
2025-06-25,Summer,20251152,Fort Rouge,324 Morley Avenue,1922.0,299900.0,156.04,0,3,2.0,none,Single Family Detached,,,202,111.67
2025-06-25,Summer,20251349,Osborne Village,515 Wardlaw Avenue,4810.0,2235.0,0.46,0,4,2.0,Parking pad,Single Family Detached,,,18,187.48
2025-06-25,Summer,20250907,Crescentwood,724 Ebby Avenue,2627.0,1212.0,0.46,0,2,2.0,none,Single Family Detached,Bungalow,,700,65.03
2025-06-25,Summer,20251099,Crescentwood,866 Garwood Avenue,3409.0,1657.0,0.49,0,2,2.0,Parking pad,Single Family Detached,,Other,712,66.15
2025-06-25,Summer,20251312,Crescentwood,1229 Corydon Avenue,4189.0,1973.0,0.47,0,4,2.0,none,Single Family Detached,,,210,112.41
2025-06-25,Summer,20251343,River Heights,341 Oxford Street,7618.0,3759.0,0.49,232,4,2.0,none,Single Family Detached,,Other,500,232.26
2025-06-25,Summer,20251366,River Heights,768 Borebank Street,5131.0,599900.0,116.92,0,3,2.0,none,Single Family Detached,Bungalow,Other,361,126.44
2025-06-25,Summer,20251316,River Heights,870 Borebank Street,4257.0,2047.0,0.48,0,3,2.0,Parking pad,Single Family Detached,Bungalow,,122,104.24
2025-06-25,Summer,20251089,River Heights,674 Waverley Street,5957.0,524900.0,88.11,0,3,2.0,none,Single Family Detached,,,600,148.64
2025-06-25,Summer,20251128,River Heights,520 Centennial Street,4099.0,173.0,0.04,0,3,2.0,Parking pad,Single Family Detached,,,72,99.59
2025-06-25,Summer,20250883,River Heights,1564 Mathers Bay,9083.0,799900.0,88.07,0,5,2.0,none,Single Family Detached,,Other,702,251.02
2025-06-25,Summer,20251274,River Heights,779 Renfrew Street,4405.0,395000.0,89.67,0,3,2.0,none,Single Family Detached,Bungalow,Other,0,92.9
2025-06-25,Summer,20251272,Charleswood,141 Park Place,9388.0,4084.0,0.44,0,4,2.0,none,Single Family Detached,Bungalow,Other,750,255.48
2025-06-25,Summer,460a9b2727,Charleswood,106 Epsom Crescent,0.0,0.0,0.0,0,3,2.0,none,Single Family Detached,,Other,1200,0.0
2025-06-25,Summer,20251375,Charleswood,821 Laxdal Road,2432.0,417.0,0.17,0,0,2.0,none,Single Family Detached,,,178,666.86
2025-06-25,Summer,20251325,Charleswood,3430 Beiko Avenue,4093.0,489900.0,119.69,0,3,2.0,none,Single Family Detached,,,282,119.1
2025-06-25,Summer,20250844,Charleswood,381 Glenbush Street,7358.0,3147.0,0.43,0,3,2.0,none,Single Family Detached,,,674,155.52
2025-06-25,Summer,20251091,Charleswood,54 Cadiz Bay,5098.0,2033.0,0.4,0,3,2.0,none,Single Family Detached,Bungalow,,380,128.21
2025-06-25,Summer,20251294,Charleswood,634 Fairmont Road,7992.0,3319.0,0.42,0,3,2.0,none,Single Family Detached,,Other,275,211.35
2025-06-25,Summer,20251297,Charleswood,607 Dieppe Road,4023.0,1580.0,0.39,0,3,2.0,none,Single Family Detached,,,539,142.98
2025-06-25,Summer,20251104,Charleswood,134 Robindale Road,3971.0,1535.0,0.39,0,2,2.0,none,Single Family Detached,,,796,73.95
2025-06-25,Summer,20251125,Charleswood,82 Bergman Crescent,2740.0,1100.0,0.4,0,3,2.0,none,Single Family Detached,,,948,88.07
2025-06-25,Summer,20251376,Charleswood,19 Hofsted Drive,5431.0,2246.0,0.41,0,3,2.0,none,Single Family Detached,Bungalow,,53,190.73
2025-06-25,Summer,20250772,Charleswood,34 Kowalsky Crescent,4587.0,278.0,0.06,0,3,2.0,none,Single Family Detached,,,649,153.2
2025-06-25,Summer,20251306,East Fort Garry,51 Riverside Drive,3012.0,1336.0,0.44,0,3,2.0,none,Single Family Detached,,Other,307,121.42
2025-06-25,Summer,20250910,Linden Woods,55 Simsbury Place,6200.0,2558.0,0.41,0,4,2.0,none,Single Family Detached,,,218,206.06
2025-06-25,Summer,20251167,Linden Woods,31 Foxmeadow Drive,5276.0,347.0,0.07,0,3,2.0,none,Single Family Detached,,Other,706,158.49
2025-06-25,Summer,20251273,Linden Woods,99 Duncan Norrie Drive,7747.0,2848.0,0.37,0,4,2.0,none,Single Family Detached,Bungalow,Other,215,205.78
2025-06-25,Summer,20251289,St Norbert,2 Gosselin Bay,3981.0,1808.0,0.45,0,3,2.0,Parking pad,Single Family Detached,,Other,800,74.32
2025-06-25,Summer,20251156,St Norbert,93 Laurent Drive,3879.0,1738.0,0.45,0,3,2.0,"Parking pad, plug-in",Single Family Detached,,,72,99.59
2025-06-25,Summer,20251363,St Norbert,39 Dorge Drive,3420.0,1483.0,0.43,0,3,2.0,none,Single Family Detached,Bungalow,,960,89.19
2025-06-25,Summer,20250699,Richmond West,74 GROVELAND Bay,4850.0,1929.0,0.4,0,3,2.0,none,Single Family Detached,Bungalow,,504,139.73
2025-06-25,Summer,20251322,Richmond West,15 Cunard Place,4922.0,344.0,0.07,0,3,2.0,none,Single Family Detached,Bungalow,Other,382,128.39
2025-06-25,Summer,20251146,Richmond West,14 Point West Drive,4636.0,1879.0,0.41,0,3,2.0,none,Single Family Detached,,Other,744,162.02
2025-06-25,Summer,20251347,Richmond West,127 Blackwood Bay,5730.0,305.0,0.05,0,3,2.0,none,Single Family Detached,,Other,484,137.87
2025-06-25,Summer,20251099,Richmond West,22 Tranquil Bay,3989.0,1607.0,0.4,0,3,2.0,none,Single Family Detached,,Other,591,147.81
2025-06-25,Summer,20251291,Richmond West,102 Brentlawn Boulevard,4576.0,1825.0,0.4,0,3,2.0,none,Single Family Detached,Bungalow,Other,344,124.86
2025-06-25,Summer,20251298,Headingley South,369 WESCANA Street,6277.0,999900.0,159.3,2024,3,2.0,none,Single Family Detached,Bungalow,Other,815,168.62
2025-06-25,Summer,20251163,St Boniface,269 Dumoulin Street,3547.0,1330.0,0.37,0,3,2.0,none,Single Family Detached,,,948,88.07
2025-06-25,Summer,20251364,St Boniface,520 St Jean Baptiste Street,5956.0,629900.0,105.76,0,4,2.0,none,Single Family Detached,,Other,936,179.86
2025-06-25,Summer,20251122,St Boniface,466 Aulneau Street,6784.0,499900.0,73.69,0,4,2.0,none,Single Family Detached,,,612,242.66
2025-06-25,Summer,20251281,St Boniface,1034 Dugald Road,3277.0,224900.0,68.63,0,2,2.0,none,Single Family Detached,,Other,715,66.43
2025-06-25,Summer,20251122,St Boniface,315 Dumoulin Street,5911.0,579900.0,98.11,0,4,2.0,none,Single Family Detached,,Other,30,188.59
2025-06-25,Summer,20250902,Norwood,414 Lariviere Street,4409.0,1940.0,0.44,0,5,2.0,none,Single Family Detached,,Duplex,745,162.12
2025-06-25,Summer,20251302,Norwood,82 Hill Street,3261.0,1441.0,0.44,0,2,2.0,none,Single Family Detached,,,738,68.56
2025-06-25,Summer,20251090,Norwood,567 Deniset Street,3619.0,1588.0,0.44,0,2,2.0,Parking pad,Single Family Detached,,,826,76.74
2025-06-25,Summer,20251330,St Vital,38 Glen Avenue,3681.0,1551.0,0.42,0,2,2.0,none,Single Family Detached,Bungalow,,947,87.98
2025-06-25,Summer,20251272,St Vital,690 River Road,5107.0,2246.0,0.44,0,4,2.0,Parking pad,Single Family Detached,,Other,220,206.24
2025-06-25,Summer,20251033,St Vital,26 St Vital Road,2530.0,229.0,0.09,0,1,2.0,none,Single Family Detached,Bungalow,,624,57.97
2025-06-25,Summer,20251338,St Vital,93 Vivian Avenue,3249.0,1462.0,0.45,0,3,2.0,Parking pad,Single Family Detached,,,200,111.48
2025-06-25,Summer,20251290,St Vital,94 Stranmillis Avenue,4272.0,1757.0,0.41,0,2,2.0,none,Single Family Detached,Bungalow,,15,94.3
2025-06-25,Summer,20251028,St Vital,60 Kingswood Avenue,3921.0,1699.0,0.43,0,2,2.0,none,Single Family Detached,,Other,832,77.3
2025-06-25,Summer,20251162,St Vital,18 Egerton Road,5981.0,2666.0,0.45,0,3,2.0,none,Single Family Detached,,,19,187.57
2025-06-25,Summer,20251296,St Vital,28 St Elmo Road,3235.0,1372.0,0.42,0,2,2.0,none,Single Family Detached,Bungalow,Other,672,62.43
2025-06-25,Summer,20250002,St Vital,125 Dunraven Avenue,3688.0,1425.0,0.39,0,2,2.0,Parking pad,Single Family Detached,Bungalow,Other,771,71.63
2025-06-25,Summer,20250852,St Vital,153 Vista Avenue,3934.0,1688.0,0.43,0,2,2.0,none,Single Family Detached,,,924,85.84
2025-06-25,Summer,22b62b9193,Richmond West,867 Bairdmore Boulevard,0.0,0.0,0.0,0,3,2.5,none,Single Family Detached,Two Storey,Single Family Detached,1268,0.0
2025-06-25,Summer,9777ac4cb9,Fairfield Park,62 Colebrook Drive,0.0,0.0,0.0,0,3,3.0,Parking pad,Single Family Detached,Cab-Over,Single Family Detached,1669,0.0
2025-06-25,Summer,f1aee1477e,Richmond West,1066 Lee Boulevard,0.0,0.0,0.0,0,2,2.0,none,Single Family Detached,Bi-Level,Single Family Detached,1430,0.0
2025-06-25,Summer,c2ba9fea2b,Richmond West,23 Isleview Place,5085.0,539900.0,106.18,0,3,2.5,none,Single Family Detached,Bungalow,Single Family Detached,1180,0.0
2025-06-25,Summer,aafc62a46f,Fairfield Park,127 Bairdmore Boulevard,0.0,0.0,0.0,0,3,3.5,none,Single Family Detached,Two Storey,Single Family Detached,1657,0.0
2025-06-25,Summer,7b1081e15b,Headingley South,36 Raphael Street,5104.0,579000.0,113.44,0,4,4.5,none,Single Family Detached,Two Storey,Single Family Detached,2381,0.0
2025-06-25,Summer,db394184a2,Deer Pointe,84 Deer Pointe Drive,11115.0,1588000.0,142.87,0,3,3.5,none,Single Family Detached,Bungalow,Single Family Detached,2224,158.49
2025-06-25,Summer,11446718d2,Headingley South,8500 Roblin Boulevard,0.0,0.0,0.0,0,3,3.5,none,Single Family Detached,Two Storey,Single Family Detached,2230,55.74
2025-06-25,Summer,3678bce5b2,Headingley South,242 ALBORO Street,0.0,0.0,0.0,0,3,2.5,none,Single Family Detached,"Bungalow, Two Storey",Single Family Detached,1800,0.0
2025-06-25,Summer,a7ed9f3814,Headingley South,490 SEEKINGS Street,0.0,0.0,0.0,0,3,2.5,none,Single Family Detached,Two Storey,Single Family Detached,3000,0.0
2025-06-25,Summer,06a5a96d61,Headingley South,14 Kemper Crescent,2628.0,7681.0,2.92,0,3,2.5,none,Single Family Detached,Bi-Level,Single Family Detached,1310,61.32
2025-06-25,Summer,30b67c455b,Headingley South,62 Woodland Lane,0.0,909295.0,0.0,0,3,2.0,none,Single Family Detached,Bungalow,Single Family Detached,1802,0.0
2025-06-25,Summer,ce2dfffa95,Headingley South,38 Woodland Lane,0.0,999900.0,0.0,0,3,2.0,none,Single Family Detached,Bungalow,Single Family Detached,1900,0.0
2025-06-25,Summer,d95b3eedf7,Headingley South,33 Grange Street,0.0,0.0,0.0,0,3,2.5,none,Single Family Detached,Bungalow,Single Family Detached,2575,0.0
2025-06-25,Summer,30f3511965,St Boniface,520 St Jean Baptiste Street,5956.0,629900.0,105.76,0,4,3.5,none,Single Family Detached,Two Storey,Single Family Detached,1936,65.96
2025-06-25,Summer,d8d5626950,St Boniface,269 Dumoulin Street,0.0,0.0,0.0,0,3,2.0,none,Single Family Detached,Bungalow,Single Family Detached,948,0.0
2025-06-25,Summer,87b72b3ae6,St Boniface,466 Aulneau Street,0.0,0.0,0.0,0,4,3.5,none,Single Family Detached,Two Storey,Single Family Detached,2612,0.0
2025-06-25,Summer,236e9ee452,St Boniface,315 Dumoulin Street,0.0,0.0,0.0,0,4,3.0,none,Single Family Detached,Two Storey,Single Family Detached,2030,24.62
2025-06-25,Summer,726ad8e4af,St Boniface,394 St Jean Baptiste Street,0.0,0.0,0.0,0,3,2.0,none,Single Family Detached,Two Storey,Single Family Detached,1626,30.19
2025-06-25,Summer,a2c5a5b04b,St Boniface,552 Cherrier Street,0.0,0.0,0.0,0,2,1.0,none,Single Family Detached,Bungalow,Single Family Detached,640,0.0
2025-06-25,Summer,fe099c1239,St Boniface,147 Kitson Street,0.0,0.0,0.0,0,2,1.0,none,Single Family Detached,Bungalow,Single Family Detached,920,0.0
2025-06-25,Summer,74b3f23b24,St Boniface,298 Youville Street,0.0,0.0,0.0,0,2,1.0,none,Single Family Detached,Bungalow,Single Family Detached,920,0.0
2025-06-25,Summer,4f696b0191,St Boniface,538 Langevin Street,3593.0,299900.0,83.47,0,2,2.0,Parking pad,Single Family Detached,,Single Family Detached,1200,0.0
2025-06-25,Summer,7f64911915,St Boniface,210 Dollard Boulevard,5001.0,449900.0,89.96,0,2,2.5,none,Single Family Detached,Bungalow,Single Family Detached,1335,0.0
2025-06-25,Summer,34a324aef5,St Boniface,544 De La Morenie Street,0.0,0.0,0.0,0,3,2.5,none,Single Family Detached,Two Storey,Single Family Detached,1638,0.0
2025-06-25,Summer,f3f9ae57f6,St Boniface,447 Langevin Street,0.0,0.0,0.0,0,2,1.0,none,Single Family Detached,Bungalow,Single Family Detached,728,0.0
2025-06-25,Summer,73b0a393e3,St Boniface,127 Archibald Street,0.0,0.0,0.0,0,4,1.5,none,Single Family Detached,One and a Half,Single Family Detached,1177,0.0
2025-06-25,Summer,8fe15cfc64,St Boniface,517 Ritchot Street,3493.0,309900.0,88.72,0,3,2.0,none,Single Family Detached,Two Storey,Single Family Detached,1464,0.0
2025-06-25,Summer,2fab7b6eb2,St Boniface,427 Louis Riel Street,3727.0,389900.0,104.61,0,2,2.0,none,Single Family Detached,Bungalow,Single Family Detached,1133,0.0
2025-06-25,Summer,d343c51be8,St Boniface,545 Ritchot Street,0.0,0.0,0.0,0,2,1.0,none,Single Family Detached,Bungalow,Single Family Detached,876,0.0
2025-06-25,Summer,cbd5e2ebf5,St Boniface,519 De la Morenie Street,0.0,0.0,0.0,0,2,2.0,none,Single Family Detached,Bi-Level,Single Family Detached,863,62.06
2025-06-25,Summer,b7b0121280,St Boniface,224 Thomas Berry Street,0.0,0.0,0.0,0,2,1.0,none,Single Family Detached,Bungalow,Single Family Detached,960,0.0
2025-06-25,Summer,ede0b454c0,St Boniface,484 Notre-Dame Street,0.0,0.0,0.0,0,2,2.0,none,Single Family Detached,Bungalow,Single Family Detached,735,53.42
2025-06-25,Summer,d82aa4f2c2,St Boniface,155 Archibald Street,0.0,0.0,0.0,0,3,3.0,none,Single Family Detached,Bungalow,Single Family Detached,1010,0.0
2025-06-25,Summer,b40cb212de,Norwood,533 Bourgeault Street,3993.0,299900.0,75.11,0,2,1.0,none,Single Family Detached,Two Storey,Single Family Detached,968,0.0
2025-06-25,Summer,4e23a1f05e,Norwood,567 Deniset Street,0.0,0.0,0.0,0,2,2.0,none,Single Family Detached,Bungalow,Single Family Detached,826,69.68
2025-06-25,Summer,a32a1a60e0,Norwood,427 Eugenie Street,3619.0,369900.0,102.21,0,2,2.0,Parking pad,Single Family Detached,One and a Half,Single Family Detached,1020,0.0
2025-06-25,Summer,fdd8baeb00,Norwood,366 Dubuc Street,0.0,0.0,0.0,0,3,1.0,none,Single Family Detached,One and a Half,Single Family Detached,1216,0.0
2025-06-25,Summer,b306b53125,Norwood,199 Roger Street,3422.0,399900.0,116.86,0,1,1.0,Parking pad,Single Family Detached,Bungalow,Single Family Detached,520,0.0
2025-06-25,Summer,77769f3a2a,Norwood,220 Eugenie Street,0.0,0.0,0.0,0,5,3.0,none,Single Family Detached,Two Storey,Single Family Detached,1672,0.0
2025-06-25,Summer,66919a0582,Norwood,559 Cusson Street,0.0,0.0,0.0,0,3,1.0,none,Single Family Detached,One and a Half,Single Family Detached,924,0.0
2025-06-25,Summer,eaca8cb3c9,Norwood,118 Lyndale Drive,4899.0,474900.0,96.94,0,2,1.5,none,Single Family Detached,Bungalow,Single Family Detached,1019,0.0
2025-06-25,Summer,5b7c27db34,Norwood,90 Crawford Avenue,3542.0,329900.0,93.14,0,2,2.0,none,Single Family Detached,Bungalow,Single Family Detached,819,0.0
2025-06-25,Summer,ff85ea4271,Norwood,556 Prosper Street,0.0,0.0,0.0,0,2,1.5,none,Single Family Detached,One and a Half,Single Family Detached,1063,0.0
2025-06-25,Summer,2d8cf5a50e,Norwood,62 Lloyd Street,3593.0,324900.0,90.43,0,2,1.0,none,Single Family Detached,Bungalow,Single Family Detached,720,0.0
2025-06-25,Summer,aff418fe60,Norwood,248 Traverse Avenue,3717.0,299900.0,80.68,0,2,1.0,none,Single Family Detached,Bungalow,Single Family Detached,750,27.87
2025-06-25,Summer,73f544d75a,Norwood,528 Tremblay Street,2838.0,249900.0,88.05,0,2,1.0,none,Single Family Detached,Bungalow,Single Family Detached,576,0.0
2025-06-25,Summer,9c601a84c7,Norwood,38 Gauvin Street,5613.0,499900.0,89.06,0,4,2.5,none,Single Family Detached,One and a Half,Single Family Detached,1952,0.0
2025-06-25,Summer,691aedff43,Norwood,110 St Mary's Road,0.0,0.0,0.0,0,8,3.0,none,Single Family Detached,Two Storey,Single Family Detached,2624,0.0
2025-06-25,Summer,494faa0491,Norwood Flats,97 Lyndale Drive,2618.0,519900.0,198.59,0,4,1.0,"Parking pad, rear drive",Single Family Detached,Bungalow,Single Family Detached,1134,0.0
2025-06-25,Summer,e66c92ce0a,Norwood,272 Horace Street,0.0,0.0,0.0,0,2,3.5,none,Single Family Detached,Two Storey,Single Family Detached,1564,73.39
2025-06-25,Summer,fa0fb9a8cf,Norwood,500 Dubuc Street,0.0,0.0,0.0,0,3,3.0,none,Single Family Detached,Two Storey,Single Family Detached,1700,0.0
2025-06-25,Summer,0d8a06a85f,Norwood,385 Lariviere Street,3009.0,299900.0,99.67,0,2,2.0,none,Single Family Detached,Bungalow,Single Family Detached,891,0.0
2025-06-25,Summer,f15e8d88fc,Norwood,320 Dubuc Street,0.0,0.0,0.0,0,3,1.5,none,Single Family Detached,Two Storey,Single Family Detached,1348,0.0
2025-06-25,Summer,ebcd48be25,Norwood,125 Monck Avenue,0.0,0.0,0.0,0,3,1.5,none,Single Family Detached,,Single Family Detached,1977,0.0
2025-06-25,Summer,dec74cfb8d,Norwood,249 Eugenie Street,0.0,0.0,0.0,0,3,1.0,none,Single Family Detached,,Single Family Detached,1188,0.0
2025-06-25,Summer,da7d73d1bb,Norwood Flats,284 Eugenie Street,5722.0,524900.0,91.73,0,3,1.0,Parking pad,Single Family Detached,Two Storey,Single Family Detached,1125,0.0
2025-06-25,Summer,fcb0004524,Norwood,570 Deniset Street,2829.0,249900.0,88.34,0,2,1.0,none,Single Family Detached,Bungalow,Single Family Detached,720,0.0
2025-06-25,Summer,4ecee877b3,Norwood,111 Lawndale Avenue,6698.0,429900.0,64.18,0,3,3.0,none,Single Family Detached,One and a Half,Single Family Detached,1666,0.0
2025-06-25,Summer,444b8eb5bf,St Vital,690 River Road,0.0,0.0,0.0,0,4,2.5,none,Single Family Detached,Two Storey,Single Family Detached,2220,0.0
2025-06-25,Summer,7406b19a92,St Vital,26 St Vital Road,2530.0,159900.0,63.2,0,1,0.0,none,Single Family Detached,Bungalow,Single Family Detached,624,0.0
2025-06-25,Summer,6811408e2a,St Vital,3 Triton Bay,0.0,0.0,0.0,0,3,2.0,none,Single Family Detached,Bungalow,Single Family Detached,1268,0.0
2025-06-25,Summer,f616d1ae55,St Vital,130 St Vital Road,4275.0,424900.0,99.39,0,2,2.0,none,Single Family Detached,Bungalow,Single Family Detached,680,0.0
2025-06-25,Summer,ad6c009be2,St Vital,151 Redview Drive,6796.0,649900.0,95.63,0,3,3.5,none,Single Family Detached,Two Storey,Single Family Detached,2470,0.0
2025-06-25,Summer,f8dd802113,St Vital,286 Victoria Crescent,5077.0,789750.0,155.55,0,0,0.0,"detached, double",Single Family Detached,Two Storey,Single Family Detached,1408,0.0
2025-06-25,Summer,c0687bf91b,St Vital,502 River Road,4797.0,484900.0,101.08,0,3,2.0,none,Single Family Detached,Bungalow,Single Family Detached,1343,0.0
2025-06-25,Summer,b746a0574c,St Vital,70 Robertson Crescent,0.0,0.0,0.0,0,3,2.0,none,Single Family Detached,Bungalow,Single Family Detached,880,0.0
2025-06-25,Summer,a4c420f1ee,St Vital,128 Elm Park Road,0.0,0.0,0.0,0,3,2.0,none,Single Family Detached,,Single Family Detached,1668,0.0
2025-06-25,Summer,7f7022b95e,St Vital,25 St Vital Road,3995.0,359900.0,90.09,0,3,2.0,none,Single Family Detached,Bungalow,Single Family Detached,912,0.0
2025-06-25,Summer,077d506245,St Vital,54 St Vital Road,3607.0,329900.0,91.46,0,4,2.0,"Parking pad, plug-in",Single Family Detached,One and a Half,Single Family Detached,1292,0.0
2025-06-25,Summer,21ecd1e817,St Vital,301 Kingston Crescent,0.0,0.0,0.0,0,2,1.0,none,Single Family Detached,Bungalow,Single Family Detached,752,0.0
2025-06-25,Summer,9edc10c6b0,St Vital,243 Darwin Street,4113.0,299900.0,72.92,0,5,2.0,"attached, double",Single Family Detached,,Single Family Detached,1664,0.0
2025-06-25,Summer,1c6041b1ed,St Vital,93 Vivian Avenue,0.0,0.0,0.0,0,3,1.5,none,Single Family Detached,Two Storey,Single Family Attached,1200,0.0
2025-06-25,Summer,9f5f08019c,St Vital,28 St Elmo Road,0.0,0.0,0.0,0,2,1.0,none,Single Family Detached,Bungalow,Single Family Detached,672,0.0
2025-06-25,Summer,09f1d32889,St Vital,94 Stranmillis Avenue,0.0,0.0,0.0,0,2,2.0,none,Single Family Detached,Bungalow,Single Family Detached,1015,0.0
2025-06-25,Summer,e67c5eb4bd,St Vital,15 Worthington Avenue,0.0,0.0,0.0,0,3,2.0,none,Single Family Detached,Bungalow,Single Family Detached,1036,0.0
2025-06-25,Summer,2eb4321e71,St Vital,10 Inman Avenue,3801.0,339900.0,89.42,0,2,1.5,Parking pad,Single Family Detached,Two Storey,Single Family Attached,1080,23.23
2025-06-25,Summer,7439e866d7,St Vital,268 Metcalfe Avenue,0.0,0.0,0.0,0,2,2.0,none,Single Family Detached,Bungalow,Single Family Detached,740,0.0
2025-06-25,Summer,154e40041f,St Vital,79 Dunraven Avenue,0.0,0.0,0.0,0,3,1.0,none,Single Family Detached,One and a Half,Single Family Detached,908,0.0
2025-06-25,Summer,8182d6c57b,St Vital,21 Vivian Avenue,0.0,0.0,0.0,0,4,1.5,none,Single Family Detached,,Single Family Detached,1360,0.0
2025-06-25,Summer,38233de866,St Vital,60 Kingswood Avenue,0.0,0.0,0.0,0,2,2.0,none,Single Family Detached,Bungalow,Single Family Detached,832,65.03
2025-06-25,Summer,fbe0404e71,St Vital,239 Portland Avenue,0.0,0.0,0.0,0,3,2.0,none,Single Family Detached,Bungalow,Single Family Detached,833,0.0
2025-06-25,Summer,4079609274,St Vital,65 Berrydale Avenue,4413.0,375000.0,84.98,0,5,2.0,none,Single Family Detached,One and a Half,Single Family Detached,2155,0.0
2025-06-25,Summer,a791cdacdb,St Vital,11 Ellesmere Avenue,2069.0,199900.0,96.62,0,2,1.0,Parking pad,Single Family Detached,"Bungalow, Two Storey","Single Family Detached, Townhouse",734,0.0
2025-06-25,Summer,6692440e71,St Vital,179 Imperial Avenue,3774.0,369900.0,98.01,0,3,1.5,"Parking pad, plug-in, rear drive",Single Family Detached,Bungalow,Single Family Detached,1050,0.0
2025-06-25,Summer,1255d781b8,St Vital,78 Worthington Avenue,0.0,0.0,0.0,0,2,1.0,none,Single Family Detached,One and a Half,Single Family Detached,898,0.0
2025-06-25,Summer,eb9346a7ce,St Vital,16 St George Road,0.0,0.0,0.0,0,2,1.0,none,Single Family Detached,Bungalow,Single Family Detached,840,0.0
2025-06-25,Summer,d668e8285b,St Vital,100 Havelock Avenue,0.0,0.0,0.0,0,2,2.0,none,Single Family Detached,Bungalow,Single Family Detached,1182,83.61
2025-06-25,Summer,8e70c2d0e2,St Vital,152 Berrydale Avenue,3080.0,289900.0,94.12,0,3,1.5,none,Single Family Detached,Bungalow,Single Family Detached,1008,0.0
2025-06-25,Summer,fe7dedc3a5,St Vital,9 St Louis Road,0.0,0.0,0.0,0,2,1.0,none,Single Family Detached,Bungalow,Single Family Detached,1124,0.0
2025-06-25,Summer,24ac2aa93a,St Vital,37 St Elmo Road,0.0,0.0,0.0,0,2,2.0,none,Single Family Detached,Bungalow,Single Family Detached,994,72.0
2025-06-25,Summer,714e73aa9e,St Vital,173 Sadler Avenue,0.0,0.0,0.0,0,2,1.0,none,Single Family Detached,Bungalow,Single Family Detached,707,0.0
2025-06-25,Summer,bca7561019,St Vital,131 Fernwood Avenue,0.0,0.0,0.0,0,3,2.0,none,Single Family Detached,Bungalow,Single Family Detached,1016,0.0
2025-06-25,Summer,ca0cf1b176,St Vital,222 Poplarwood Avenue,3946.0,379900.0,96.27,0,2,1.5,Parking pad,Single Family Detached,"Bungalow, Bi-Level",Single Family Detached,932,0.0
2025-06-25,Summer,51cb4255ff,St Vital,105 POPLARWOOD Avenue,0.0,0.0,0.0,0,3,2.5,none,Single Family Detached,One and a Half,Single Family Detached,1233,0.0
2025-06-25,Summer,16e8ff5687,St Vital,"8 Double Detached, Front Drive",3300.0,364900.0,110.58,0,3,2.0,none,Single Family Detached,,,100,0.0
2025-06-25,Summer,8a409c5efa,St Vital,27 Fitzpatrick Road,0.0,0.0,0.0,0,2,1.5,none,Single Family Detached,Bungalow,Single Family Detached,1344,0.0
2025-06-25,Summer,fd98acece9,St Vital,187 Pilgrim Avenue,0.0,0.0,0.0,0,2,1.0,none,Single Family Detached,Bungalow,Single Family Detached,839,0.0
2025-06-25,Summer,99a3d0b0e7,St Vital,42 Carriere Avenue,0.0,0.0,0.0,0,2,1.5,none,Single Family Detached,Bungalow,Single Family Detached,1104,0.0
2025-06-25,Summer,2db022cb3c,St Vital,124 Lennox Avenue,0.0,0.0,0.0,0,2,2.5,none,Single Family Detached,Bungalow,Single Family Detached,952,0.0
2025-06-25,Summer,7b74975796,St Vital,42 Frederick Avenue,0.0,0.0,0.0,0,3,1.0,none,Single Family Detached,Bungalow,Single Family Detached,992,0.0
2025-06-25,Summer,f08bdc6013,St Vital,116 Morier Avenue,0.0,0.0,0.0,0,2,1.0,none,Single Family Detached,Bungalow,Single Family Detached,640,0.0
2025-06-25,Summer,d66ab99b78,St Vital,50 Berrydale Avenue,0.0,0.0,0.0,0,2,3.0,none,Single Family Detached,Bungalow,Single Family Detached,1573,146.14
2025-06-25,Summer,0af6e987c2,St Vital,188 Portland Avenue,5936.0,689900.0,116.22,0,4,1.5,none,Single Family Detached,Two Storey,Single Family Detached,1288,0.0
2025-06-25,Summer,97a2ec4ec9,St Vital,161 Stranmillis Avenue,0.0,0.0,0.0,0,3,2.5,none,Single Family Detached,Two Storey,Single Family Detached,1532,0.0
2025-06-25,Summer,b1c47f63a4,St Vital,28 Inman Avenue,0.0,0.0,0.0,0,3,2.0,none,Single Family Detached,Two Storey,Single Family Detached,1091,0.0
2025-06-25,Summer,f115d4e958,St Vital,132 Thorndale Avenue,0.0,0.0,0.0,0,3,1.0,none,Single Family Detached,Bungalow,Single Family Detached,1200,0.0
2025-06-25,Summer,e60122238f,St Vital,35 Sherwood Place,3804.0,299900.0,78.84,0,2,2.0,none,Single Family Detached,Bungalow,Single Family Detached,700,0.0
2025-06-25,Summer,7fc5f3fd8a,St Vital,294 Egerton Road,3791.0,339900.0,89.66,0,1,1.0,none,Single Family Detached,Bungalow,Single Family Detached,1000,0.0
2025-06-25,Summer,ce16b35d13,St Vital,208 hindley Avenue,2660.0,359900.0,135.3,0,4,2.0,none,Single Family Detached,One and a Half,Single Family Detached,1500,0.0
2025-06-25,Summer,311c7f819d,St Vital,77 Clayton Drive,0.0,0.0,0.0,0,2,1.0,none,Single Family Detached,Bungalow,Single Family Detached,816,0.0
2025-06-25,Summer,12cfe91661,St Vital,103 Clonard Avenue,3202.0,279900.0,87.41,0,3,2.5,none,Single Family Detached,Two Storey,Single Family Detached,1419,0.0
2025-06-25,Summer,89e08c3eea,St Vital,56 Essex Avenue,3058.0,279900.0,91.53,0,2,1.5,none,Single Family Detached,Bungalow,Single Family Detached,786,0.0
2025-06-25,Summer,a22a3c8ba7,St Vital,35 Imperial Avenue,0.0,0.0,0.0,0,2,1.0,none,Single Family Detached,Bungalow,Single Family Detached,790,0.0
2025-06-25,Summer,f4712bfc79,St Vital,115 Vivian Avenue,2740.0,259900.0,94.85,0,3,1.0,none,Single Family Detached,,Single Family Detached,1116,0.0
2025-06-25,Summer,00e922c40b,St Vital,15 Sadler Avenue,2737.0,250000.0,91.34,0,2,1.0,none,Single Family Detached,One and a Half,Single Family Detached,1067,0.0
2025-06-25,Summer,4579421850,St Vital,215 Havelock Avenue,3953.0,299900.0,75.87,0,2,2.0,none,Single Family Detached,Bungalow,Single Family Detached,828,0.0
2025-06-25,Summer,116f79fa09,St Vital,283 Regal Avenue,0.0,0.0,0.0,0,2,2.0,none,Single Family Detached,Bungalow,Single Family Detached,737,0.0
2025-06-25,Summer,bccdc29dd3,St Vital,321 Beliveau Road,2837.0,269900.0,95.14,0,3,1.0,Parking pad,Single Family Detached,One and a Half,Single Family Detached,878,0.0
2025-06-25,Summer,95882b4a4a,St Vital,403 St George Road,4804.0,479900.0,99.9,0,3,2.0,none,Single Family Detached,Bungalow,Single Family Detached,1176,0.0
2025-06-25,Summer,5a0dfd2297,St Vital,25 Sadler Avenue,0.0,0.0,0.0,0,4,2.0,none,Single Family Detached,Two Storey,Single Family Detached,1525,0.0
2025-06-25,Summer,8bd595d427,St Vital,242 Portland Avenue,0.0,0.0,0.0,0,2,2.0,none,Single Family Detached,Bungalow,Single Family Detached,730,0.0
2025-06-25,Summer,d32f8e2897,St Vital,18 Wakopa Place,5392.0,549900.0,101.98,0,3,3.0,none,Single Family Detached,Two Storey,Single Family Detached,1690,0.0
2025-06-25,Summer,096d4fd83c,St Vital,518 Novavista Drive,0.0,0.0,0.0,0,2,2.0,none,Single Family Detached,Bi-Level,Single Family Detached,906,0.0
2025-06-25,Summer,7331b12ab0,St Vital,1019 Dakota Street,0.0,0.0,0.0,0,2,2.0,none,Single Family Detached,Bi-Level,Single Family Detached,936,0.0
2025-06-25,Summer,6b1452ab4f,St Vital,50 Ashworth Street,0.0,0.0,0.0,0,2,2.0,none,Single Family Detached,Bi-Level,Single Family Detached,892,63.36
2025-06-25,Summer,4b609d4446,St Vital,321 Ashworth Street,3970.0,389900.0,98.21,0,2,2.0,"Parking pad, rear drive",Single Family Detached,Bi-Level,Single Family Detached,879,0.0
2025-06-25,Summer,4befe56bf0,St Vital,277 Meadowood Drive,0.0,0.0,0.0,0,3,2.0,none,Single Family Detached,Bungalow,Single Family Attached,900,0.0
2025-06-25,Summer,f70cd8b14b,St Vital,20061 Navin Road,6058.0,859888.0,141.94,0,3,3.5,none,Single Family Detached,Two Storey,Single Family Detached,2362,0.0
2025-06-25,Summer,9a68ff6ea4,St Vital,76 Prairie Grove Road,3817.0,449900.0,117.87,0,3,2.0,none,Single Family Detached,Bungalow,Single Family Detached,1136,74.32
2025-06-25,Summer,587edec349,East Kildonan,265 Union Avenue,0.0,0.0,0.0,0,2,1.0,none,Single Family Detached,Bungalow,Single Family Detached,704,0.0
2025-06-25,Summer,447b35c18d,East Kildonan,299 Jamison Avenue,0.0,489900.0,0.0,0,3,3.0,Parking pad,Single Family Detached,Bi-Level,Single Family Detached,1001,0.0
2025-06-25,Summer,9d6c54b2f1,East Kildonan,317 Washington Avenue,1690.0,194900.0,115.33,0,2,1.0,none,Single Family Detached,Bungalow,Single Family Detached,584,0.0
2025-06-25,Summer,75249def18,East Kildonan,406 Riverton Avenue,0.0,0.0,0.0,0,3,1.5,none,Single Family Detached,One and a Half,Single Family Detached,1022,0.0
2025-06-25,Summer,926cc5839d,East Kildonan,435 Martin Avenue,0.0,0.0,0.0,0,2,1.0,none,Single Family Detached,One and a Half,Single Family Detached,700,0.0
2025-06-25,Summer,9632708aa6,East Kildonan,102 Riverton Avenue,0.0,0.0,0.0,0,2,1.5,none,Single Family Detached,One and a Half,Single Family Detached,830,0.0
2025-06-25,Summer,9f60e207f9,East Kildonan,469 Martin Avenue,0.0,0.0,0.0,0,1,1.0,none,Single Family Detached,Bungalow,Single Family Detached,520,0.0
2025-06-25,Summer,d4251191dd,East Kildonan,527 Larsen Avenue,0.0,359900.0,0.0,0,3,2.0,none,Single Family Detached,Bungalow,Single Family Detached,1065,0.0
2025-06-25,Summer,0b08ada55f,East Kildonan,332 Riverton Avenue,1990.0,249900.0,125.58,0,3,1.0,none,Single Family Detached,,Single Family Detached,1185,0.0
2025-06-25,Summer,ce0e88b6f5,East Kildonan,180 Dearborn Avenue,0.0,0.0,0.0,0,2,1.0,none,Single Family Detached,Bungalow,Single Family Detached,770,0.0
2025-06-25,Summer,d60f21db1a,East Kildonan,253 Winterton Avenue,1732.0,139900.0,80.77,0,4,3.0,none,Single Family Detached,Two Storey,Single Family Detached,2084,0.0
2025-06-25,Summer,3829b5c0de,East Kildonan,556 Larsen Avenue,1439.0,154900.0,107.64,0,3,1.0,none,Single Family Detached,One and a Half,Single Family Detached,1030,0.0
2025-06-25,Summer,0b75c25f8f,East Kildonan,552 Washington Avenue,0.0,0.0,0.0,0,3,2.0,none,Single Family Detached,Bungalow,Single Family Detached,1042,83.61
2025-06-25,Summer,34e1cbfb5e,East Kildonan,148 Stanier Street,0.0,0.0,0.0,0,2,1.5,none,Single Family Detached,One and a Half,Single Family Detached,980,0.0
2025-06-25,Summer,8e1d4fd912,East Kildonan,805 Manhattan Avenue,0.0,0.0,0.0,0,3,1.0,none,Single Family Detached,Bungalow,Single Family Detached,913,0.0
2025-06-25,Summer,410e66957f,East Kildonan,615 Windsor Avenue,0.0,0.0,0.0,0,3,1.0,none,Single Family Detached,One and a Half,Single Family Detached,1086,0.0
2025-06-25,Summer,dbe2fccbd6,East Kildonan,637 Simpson Avenue,0.0,0.0,0.0,0,3,3.0,none,Single Family Detached,Bungalow,Single Family Detached,980,0.0
2025-06-25,Summer,05da55c7e9,East Kildonan,851 Beach Avenue,3534.0,279000.0,78.95,48,3,2.0,"detached, single",Single Family Detached,One and a Half,Single Family Detached,1248,0.0
2025-06-25,Summer,a507159d2d,East Kildonan,794 Simpson Avenue,0.0,0.0,0.0,0,3,2.0,none,Single Family Detached,Bungalow,Single Family Detached,1075,0.0
2025-06-25,Summer,52ed0f3823,East Kildonan,689 Moncton Avenue,2608.0,269900.0,103.49,0,3,1.0,none,Single Family Detached,One and a Half,Single Family Detached,1043,0.0
2025-06-25,Summer,696891f0ba,East Kildonan,648 Consol Avenue,3211.0,299900.0,93.4,0,3,1.5,none,Single Family Detached,Bungalow,Single Family Detached,922,0.0
2025-06-25,Summer,05dd28e5c2,East Kildonan,1006 Simpson Avenue,0.0,0.0,0.0,0,3,1.5,none,Single Family Detached,Bungalow,Single Family Detached,1120,0.0
2025-06-25,Summer,7b613b4f4e,East Kildonan,664 Martin Avenue,0.0,0.0,0.0,0,4,1.0,none,Single Family Detached,One and a Half,Single Family Detached,1147,0.0
2025-06-25,Summer,57f1a4d0da,East Kildonan,609 Talbot Avenue,0.0,0.0,0.0,0,0,2.0,none,Single Family Detached,Bungalow,Single Family Detached,610,0.0
2025-06-25,Summer,aa2a12c8ff,East Kildonan,638 Chalmers Avenue,0.0,0.0,0.0,0,2,1.0,none,Single Family Detached,Bungalow,Single Family Detached,600,0.0
2025-06-25,Summer,5ee5b78ee4,East Kildonan,962 Simpson Avenue,0.0,0.0,0.0,0,3,1.0,none,Single Family Detached,Bungalow,Single Family Detached,931,0.0
2025-06-25,Summer,d823928e45,East Kildonan,707 Government Avenue,3398.0,279900.0,82.37,0,2,1.0,none,Single Family Detached,Bungalow,Single Family Detached,953,0.0
2025-06-25,Summer,ffc6fdeb7d,East Kildonan,760 Nottingham Avenue,0.0,0.0,0.0,0,3,1.5,none,Single Family Detached,Bungalow,Single Family Detached,960,0.0
2025-06-25,Summer,1c805bcc51,East Kildonan,714 Prince Rupert Avenue,3137.0,359900.0,114.73,0,3,1.5,"Parking pad, rear drive",Single Family Detached,Bungalow,Single Family Detached,945,0.0
2025-06-25,Summer,f87674a1ee,East Kildonan,1098 McCalman Avenue,3542.0,319900.0,90.32,0,3,1.0,none,Single Family Detached,Bungalow,Single Family Detached,1037,0.0
2025-06-25,Summer,3df0ee809b,East Kildonan,670 Government Avenue,2282.0,199900.0,87.6,0,3,1.0,none,Single Family Detached,One and a Half,Single Family Detached,1477,0.0
2025-06-25,Summer,7ad6c0bed7,East Kildonan,647 Harbison Avenue,6128.0,299900.0,48.94,0,3,2.0,"attached, single",Single Family Detached,One and a Half,Single Family Detached,2550,0.0
2025-06-25,Summer,fc5954f52e,East Kildonan,642 Union Avenue,2252.0,154900.0,68.78,0,3,1.0,none,Single Family Detached,Bungalow,Single Family Detached,824,0.0
2025-06-25,Summer,3c78032abd,East Kildonan,58 Byars Bay,3996.0,429900.0,107.58,0,3,2.5,none,Single Family Detached,Bungalow,Single Family Detached,1238,0.0
2025-06-25,Summer,351f5755f9,East Kildonan,838 Prince Rupert Avenue,0.0,0.0,0.0,0,3,2.0,none,Single Family Detached,Bungalow,Single Family Detached,1001,0.0
2025-06-25,Summer,1fc14b6321,East Kildonan,449 Keenleyside Street,0.0,0.0,0.0,0,3,1.5,none,Single Family Detached,Two Storey,Single Family Attached,1056,0.0
2025-06-25,Summer,8cbe43ccf0,East Kildonan,82 Byars Place,3736.0,319900.0,85.63,0,2,1.5,none,Single Family Detached,Bungalow,Single Family Detached,988,72.93
2025-06-25,Summer,e886755694,East Kildonan,496 Besant Street,3287.0,339900.0,103.41,0,2,2.0,none,Single Family Detached,Bungalow,Single Family Detached,912,0.0
2025-06-25,Summer,560ad8d63c,East Kildonan,724 Talbot Avenue,0.0,0.0,0.0,0,0,0.0,none,Single Family Detached,One and a Half,Single Family Detached,912,0.0
2025-06-25,Summer,e1bf4bc495,East Kildonan,117 Carmen Avenue,3432.0,259900.0,75.73,0,2,1.0,none,Single Family Detached,Bungalow,Single Family Detached,864,0.0
2025-06-25,Summer,e3c418c590,East Kildonan,400 Bredin Drive,6311.0,599900.0,95.06,0,2,2.0,none,Single Family Detached,Bungalow,Single Family Detached,1639,0.0
2025-06-25,Summer,fae34046f2,East Kildonan,485 Roberta Avenue,0.0,0.0,0.0,0,3,2.0,none,Single Family Detached,Bungalow,Single Family Detached,980,0.0
2025-06-25,Summer,83a60ef6f1,East Kildonan,559 Bronx Avenue,0.0,0.0,0.0,0,3,1.0,none,Single Family Detached,Bungalow,Single Family Detached,1022,0.0
2025-06-25,Summer,036d7c1900,East Kildonan,595 Kimberly Avenue,3154.0,349900.0,110.94,0,3,2.0,none,Single Family Detached,Bungalow,Single Family Detached,1012,0.0
2025-06-25,Summer,df924f97a4,East Kildonan,648 Helmsdale Avenue,3766.0,349900.0,92.91,0,3,1.5,none,Single Family Detached,Bungalow,Single Family Detached,1047,0.0
2025-06-25,Summer,1dc33efd9b,East Kildonan,431 Hazel Dell Avenue,0.0,0.0,0.0,0,3,2.0,none,Single Family Detached,,Single Family Detached,965,0.0
2025-06-25,Summer,a7ec169336,East Kildonan,277 Oakview Avenue,0.0,0.0,0.0,0,3,1.0,none,Single Family Detached,One and a Half,Single Family Detached,925,0.0
2025-06-25,Summer,eecf38bfed,East Kildonan,515 Hazel Dell Avenue,3782.0,399500.0,105.63,0,3,2.0,none,Single Family Detached,Bungalow,Single Family Detached,985,0.0
2025-06-25,Summer,96419f0c44,East Kildonan,361 Chelsea Avenue,3471.0,339900.0,97.93,0,3,2.0,none,Single Family Detached,Bungalow,Single Family Detached,987,0.0
2025-06-25,Summer,c035ce33f0,East Kildonan,263 Sydney Avenue,3153.0,319900.0,101.46,0,2,2.0,Parking pad,Single Family Detached,Bungalow,Single Family Detached,800,0.0
2025-06-25,Summer,120d3d2820,East Kildonan,299 Roberta Avenue,0.0,0.0,0.0,0,2,1.5,none,Single Family Detached,Bungalow,Single Family Detached,781,39.02
2025-06-25,Summer,3e0c5d43a9,East Kildonan,572 Hazel Dell Avenue,0.0,0.0,0.0,0,3,2.0,none,Single Family Detached,Bungalow,Single Family Detached,1091,0.0
2025-06-25,Summer,a3f7e64a39,East Kildonan,432 Chelsea Avenue,0.0,0.0,0.0,0,3,2.0,none,Single Family Detached,Bungalow,Single Family Detached,1030,0.0
2025-06-25,Summer,3fd8e9583e,East Kildonan,481 Neil Avenue,0.0,0.0,0.0,0,3,2.0,none,Single Family Detached,Bungalow,Single Family Detached,1050,0.0
2025-06-25,Summer,57d469515a,East Kildonan,476 Sydney Avenue,0.0,0.0,0.0,0,2,1.0,none,Single Family Detached,Bungalow,Single Family Detached,757,0.0
2025-06-25,Summer,e16b00b70b,East Kildonan,454 Roberta Avenue,0.0,0.0,0.0,0,3,2.0,none,Single Family Detached,Bungalow,Single Family Detached,1030,0.0
2025-06-25,Summer,55b871053c,East Kildonan,232 Hazel Dell Avenue,0.0,0.0,0.0,0,2,1.0,none,Single Family Detached,Bungalow,Single Family Detached,672,0.0
2025-06-25,Summer,caabaffa9d,East Kildonan,425 Oakview Avenue,0.0,0.0,0.0,0,3,1.0,none,Single Family Detached,Bungalow,Single Family Detached,1030,0.0
2025-06-25,Summer,eababd55f3,East Kildonan,460 Dunrobin Avenue,3592.0,369900.0,102.98,0,3,2.0,Parking pad,Single Family Detached,Bungalow,Single Family Detached,1120,0.0
2025-06-25,Summer,b053a19bce,East Kildonan,221 Helmsdale Avenue,3313.0,329900.0,99.58,0,2,1.0,none,Single Family Detached,Bungalow,Single Family Detached,792,0.0
2025-06-25,Summer,6cd34ea52e,East Kildonan,310 Linden Avenue,0.0,0.0,0.0,0,3,1.5,none,Single Family Detached,One and a Half,Single Family Detached,954,0.0
2025-06-25,Summer,81a3019856,East Kildonan,341 Chelsea Avenue,0.0,0.0,0.0,0,2,1.0,none,Single Family Detached,Bungalow,Single Family Detached,792,0.0
2025-06-25,Summer,8de713de4e,East Kildonan,421 Sydney Avenue,3219.0,329900.0,102.49,0,4,1.5,none,Single Family Detached,One and a Half,Single Family Detached,1320,0.0
2025-06-25,Summer,9359b32d39,East Kildonan,312 Helmsdale Avenue,0.0,0.0,0.0,0,4,2.5,none,Single Family Detached,Two Storey,Single Family Detached,2067,0.0
2025-06-25,Summer,99c99630c9,East Kildonan,285 Hazel Dell Avenue,4555.0,479900.0,105.36,0,3,2.5,Parking pad,Single Family Detached,Two Storey,Single Family Detached,1401,0.0
2025-06-25,Summer,89a4fa5b08,East Kildonan,532 Linden Avenue,0.0,0.0,0.0,0,3,2.0,none,Single Family Detached,Bungalow,Single Family Detached,1131,49.33
2025-06-25,Summer,23b2030479,East Kildonan,233 Oakview Avenue,4759.0,499900.0,105.04,0,3,2.5,none,Single Family Detached,Two Storey,Single Family Detached,1570,0.0
2025-06-25,Summer,284bda5ccd,East Kildonan,560 Kimberly Avenue,0.0,0.0,0.0,0,3,1.5,none,Single Family Detached,Bungalow,Single Family Detached,1009,0.0
2025-06-25,Summer,135c5f887f,East Kildonan,213 Oakview Avenue,3484.0,339900.0,97.56,0,2,1.0,"Parking pad, rear drive",Single Family Detached,Bungalow,Single Family Detached,701,0.0
2025-06-25,Summer,bdd4890e94,East Kildonan,557 Chelsea Avenue,0.0,0.0,0.0,0,3,1.5,none,Single Family Detached,Bungalow,Single Family Detached,912,0.0
2025-06-25,Summer,8ea7333d11,East Kildonan,334 Greene Avenue,0.0,0.0,0.0,0,3,2.0,"Parking pad, rear drive",Single Family Detached,Bungalow,Single Family Detached,910,0.0
2025-06-25,Summer,924add0fb9,East Kildonan,557 Trent Avenue,1774.0,124900.0,70.41,0,2,1.0,none,Single Family Detached,Bungalow,Single Family Detached,590,0.0
2025-06-25,Summer,eb232bde3c,East Kildonan,663 Dunrobin Avenue,3665.0,399900.0,109.11,0,3,1.5,none,Single Family Detached,Bungalow,Single Family Detached,1045,0.0
2025-06-25,Summer,0ebf8db950,East Kildonan,15 Lemmen Drive,3650.0,389900.0,106.82,0,3,2.0,none,Single Family Detached,Bungalow,Single Family Detached,1090,74.32
2025-06-25,Summer,2736a14f3d,East Kildonan,14 Merrill Crescent,0.0,0.0,0.0,0,3,1.5,none,Single Family Detached,,Single Family Detached,1076,0.0
2025-06-25,Summer,9c8c60e3ea,Riverview,90 Clarkleigh Crescent,0.0,0.0,0.0,0,3,2.5,none,Single Family Detached,Two Storey,Single Family Attached,1551,0.0
2025-06-25,Summer,bf817afef4,Riverview,27 Clarkleigh Crescent,0.0,504900.0,0.0,0,3,2.5,none,Single Family Detached,Two Storey,Single Family Detached,1391,0.0
2025-06-25,Summer,463581667a,Garden City,252 LOGGERHEAD Road,0.0,575000.0,0.0,0,4,3.0,"attached, double",Single Family Detached,"Two Storey, Bi-Level",Single Family Detached,1707,0.0
2025-06-25,Summer,056f9575eb,Garden City,114 Darbrett Bay,2879.0,289900.0,100.69,0,3,3.5,Parking pad,Single Family Detached,Two Storey,Single Family Detached,1821,0.0
2025-06-25,Summer,3c9bb53ce8,Garden City,2828 Mcphillips Street,3685.0,999999.0,271.37,0,2,0.0,none,Single Family Detached,"Two Storey, Bi-Level","Single Family Detached,  Single Family Attached",1450,111.48
2025-06-25,Summer,60d759f8da,Garden City,8 Winestock Place,5491.0,539900.0,98.32,0,3,2.5,none,Single Family Detached,Two Storey,Single Family Detached,2085,0.0
2025-06-25,Summer,2c49a05f90,Garden City,18 Holiday Place,3917.0,329900.0,84.22,0,3,2.0,none,Single Family Detached,Bi-Level,Single Family Attached,1101,0.0
2025-06-25,Summer,fdeb36c428,Garden City,11 Nurgitz Bay,5616.0,499900.0,89.01,0,4,2.5,none,Single Family Detached,"Bungalow, Two Storey",Single Family Detached,1880,0.0
2025-06-25,Summer,0d7bee6749,Garden City,264 Thorn Drive,0.0,0.0,0.0,0,5,2.5,none,Single Family Detached,Two Storey,Single Family Detached,2257,0.0
2025-06-25,Summer,4bad141afc,Garden City,917 Beecher Avenue,0.0,0.0,0.0,0,3,2.0,none,Single Family Detached,Bungalow,Single Family Detached,1076,0.0
2025-06-25,Summer,039f0f80a5,Garden City,135 Mosselle Drive,6512.0,649900.0,99.8,0,3,3.0,none,Single Family Detached,Cab-Over,Single Family Detached,1711,0.0
2025-06-25,Summer,48df1e423b,Garden City,43 Nurgitz Bay,5627.0,458000.0,81.39,0,3,3.0,none,Single Family Detached,Bungalow,Single Family Detached,1585,0.0
2025-06-25,Summer,e878297d08,Garden City,6 Tully Road,4974.0,489900.0,98.49,0,4,2.5,none,Single Family Detached,Two Storey,Single Family Detached,1946,0.0
2025-06-25,Summer,febee89ef2,Garden City,1057 Lansdowne Avenue,3777.0,299900.0,79.4,0,2,2.0,none,Single Family Detached,Bungalow,Single Family Detached,1092,0.0
2025-06-25,Summer,dc502ef557,Garden City,60 Teakwood Avenue,0.0,0.0,0.0,0,3,2.0,none,Single Family Detached,Bungalow,Single Family Detached,1114,0.0
2025-06-25,Summer,2c863812a4,Garden City,18 Colish Drive,3908.0,369900.0,94.65,0,3,1.0,none,Single Family Detached,Bungalow,Single Family Detached,1320,0.0
2025-06-25,Summer,1136ca074c,Garden City,22 Pearce Avenue,0.0,0.0,0.0,0,3,2.0,none,Single Family Detached,Bungalow,Single Family Detached,1085,0.0
2025-06-25,Summer,a2114a4ade,Garden City,43 Cherryhill Road,4919.0,389900.0,79.26,0,3,1.5,none,Single Family Detached,,Single Family Detached,1713,0.0
2025-06-25,Summer,352ff95e97,Garden City,96 Gilia Drive,0.0,0.0,0.0,0,3,2.0,none,Single Family Detached,Bungalow,Single Family Detached,1262,0.0
2025-06-25,Summer,702c90b93a,Garden City,124 Arrowwood Drive,4013.0,364900.0,90.93,0,3,1.5,none,Single Family Detached,Bungalow,Single Family Detached,1054,0.0
2025-06-25,Summer,3195c023be,Garden City,6 Hillhouse Road,5518.0,449900.0,81.53,0,4,3.0,none,Single Family Detached,,Single Family Detached,2416,0.0
2025-06-25,Summer,35fe12a50b,Garden City,610 Leila Avenue,4287.0,399900.0,93.28,0,3,2.5,none,Single Family Detached,Bungalow,Single Family Detached,1130,0.0
2025-06-25,Summer,f97680edc3,Garden City,135 Arrowwood Drive,0.0,0.0,0.0,0,4,1.5,none,Single Family Detached,Two Storey,Single Family Detached,1674,0.0
2025-06-25,Summer,9b7206c4cf,Garden City,68 Arrowwood Drive,0.0,0.0,0.0,0,3,2.0,none,Single Family Detached,Bungalow,Single Family Detached,1057,0.0
2025-06-25,Summer,041cd08b22,Garden City,60 Verbena Street,4006.0,349900.0,87.34,0,3,2.5,Parking pad,Single Family Detached,Bungalow,Single Family Detached,1416,0.0
2025-06-25,Summer,b3df8b3006,Garden City,10 Mellish Avenue,0.0,0.0,0.0,0,3,2.0,none,Single Family Detached,Bungalow,Single Family Detached,1010,60.29
2025-06-25,Summer,7ba21534c2,Garden City,96 Teakwood Avenue,0.0,0.0,0.0,0,3,1.0,none,Single Family Detached,Bungalow,Single Family Detached,1035,0.0
2025-06-25,Summer,e57f208a77,Garden City,1190 Inkster Boulevard,0.0,0.0,0.0,0,3,1.0,none,Single Family Detached,Bungalow,Single Family Detached,1080,0.0
2025-06-25,Summer,dfff6bb7c3,Garden City,19 Peony Avenue,0.0,0.0,0.0,0,3,3.0,none,Single Family Detached,Bungalow,Single Family Detached,1275,0.0
2025-06-25,Summer,483cd039f7,Garden City,116 Arrowwood Drive,4322.0,369900.0,85.59,0,3,2.0,none,Single Family Detached,Bungalow,Single Family Detached,1115,0.0
2025-06-25,Summer,dc0d37ae5e,Garden City,66 Woodcrest Drive,0.0,0.0,0.0,0,3,2.0,none,Single Family Detached,Bungalow,Single Family Detached,1304,0.0
2025-06-25,Summer,f8dfdaa9fe,Transcona,534 Transcona Boulevard,3630.0,399900.0,110.17,0,3,3.0,none,Single Family Detached,Two Storey,Townhouse,1282,0.0
2025-06-25,Summer,8f3d1ce3e0,Transcona,623 Transcona Boulevard,4748.0,499900.0,105.29,0,3,2.5,none,Single Family Detached,Two Storey,Single Family Attached,1342,0.0
2025-06-25,Summer,652cb52a8d,Transcona,563 Transcona Boulevard,0.0,0.0,0.0,0,3,2.5,none,Single Family Detached,Two Storey,Single Family Attached,1390,0.0
2025-06-25,Summer,7fb512ca3b,Transcona,170 Tychonick Bay,0.0,0.0,0.0,0,3,3.5,none,Single Family Detached,Two Storey,Single Family Detached,2271,92.9
2025-06-25,Summer,c5ce1d4a6a,Transcona,517 Kildare Avenue,3425.0,359900.0,105.08,0,3,1.0,none,Single Family Detached,Bungalow,Single Family Detached,1055,0.0
2025-06-25,Summer,b8465c3832,Transcona,228 McMeans Avenue,0.0,0.0,0.0,0,4,2.0,none,Single Family Detached,Bungalow,Single Family Detached,1650,0.0
2025-06-25,Summer,c8354d2d96,Transcona,607 Madeline Street,0.0,0.0,0.0,0,3,1.5,none,Single Family Detached,Bungalow,Single Family Detached,804,0.0
2025-06-25,Summer,8326769bc5,Transcona,113 Rosseau Avenue,0.0,0.0,0.0,0,4,1.0,none,Single Family Detached,One and a Half,Single Family Detached,1260,0.0
2025-06-25,Summer,37ee718c35,Transcona,229 Ralph Avenue,0.0,0.0,0.0,0,2,1.0,none,Single Family Detached,One and a Half,Single Family Detached,760,0.0
2025-06-25,Summer,1344d252bc,Transcona,449 Kildare Avenue,0.0,0.0,0.0,0,3,1.0,none,Single Family Detached,Bungalow,Single Family Detached,983,0.0
2025-06-25,Summer,6f012fbf59,Transcona,225 Yale Avenue,3453.0,339900.0,98.44,0,3,2.0,Parking pad,Single Family Detached,One and a Half,Single Family Detached,1325,0.0
2025-06-25,Summer,6f577dd3c5,Transcona,445 Kildare Avenue,2756.0,249900.0,90.67,0,2,1.0,none,Single Family Detached,Bungalow,Single Family Detached,992,0.0
2025-06-25,Summer,82c11c284c,Transcona,911 Madeline Street,2132.0,229999.0,107.88,0,3,1.0,Parking pad,Single Family Detached,One and a Half,Single Family Detached,980,0.0
2025-06-25,Summer,019c3ff1cb,Transcona,434 Edward Avenue,3452.0,349900.0,101.36,0,3,1.5,none,Single Family Detached,,Single Family Detached,1078,0.0
2025-06-25,Summer,b6caa869b1,Transcona,212 Ralph Avenue,0.0,0.0,0.0,0,3,2.0,none,Single Family Detached,Bungalow,Single Family Detached,936,0.0
2025-06-25,Summer,1466991821,Transcona,111 Harold Avenue,0.0,0.0,0.0,0,2,1.0,none,Single Family Detached,Bungalow,Single Family Detached,930,0.0
2025-06-25,Summer,93bbd1b48d,Transcona,20 Burnaby Bay,3844.0,349900.0,91.02,0,3,2.0,none,Single Family Detached,Bungalow,Single Family Detached,1003,0.0
2025-06-25,Summer,ae3056a6c6,Transcona,436 Yale Avenue,0.0,0.0,0.0,0,2,2.0,none,Single Family Detached,Bungalow,Single Family Detached,788,0.0
2025-06-25,Summer,264335e068,Transcona,442 Melrose Avenue,2749.0,289900.0,105.46,0,3,1.0,none,Single Family Detached,One and a Half,Single Family Detached,867,0.0
2025-06-25,Summer,5978d6c964,Transcona,335 Melrose Avenue,0.0,0.0,0.0,0,2,1.0,none,Single Family Detached,Bungalow,Single Family Detached,700,0.0
2025-06-25,Summer,6bcd95d289,Transcona,907 Madeline Street,2831.0,224900.0,79.44,0,2,1.0,none,Single Family Detached,One and a Half,Single Family Detached,1037,0.0
2025-06-25,Summer,ae3563b427,Transcona,420 Ravelston Avenue,0.0,0.0,0.0,0,2,1.0,none,Single Family Detached,Bungalow,Single Family Detached,711,0.0
2025-06-25,Summer,4722b4beb4,Transcona,5 Lethbridge Avenue,0.0,0.0,0.0,0,3,2.0,none,Single Family Detached,Bungalow,Single Family Detached,1040,0.0
2025-06-25,Summer,6a2d02324f,Transcona,1212 Day Street,3376.0,325000.0,96.27,0,2,2.0,none,Single Family Detached,Bungalow,Single Family Detached,936,0.0
2025-06-25,Summer,ea5ac57174,Transcona,134 Horton Avenue,0.0,0.0,0.0,0,2,1.0,none,Single Family Detached,Bungalow,Single Family Detached,825,0.0
2025-06-25,Summer,1440a2514b,Transcona,628 Melrose Avenue,0.0,0.0,0.0,0,2,1.0,none,Single Family Detached,Bungalow,Single Family Detached,740,0.0
2025-06-25,Summer,6176a14811,Transcona,431 Melrose Avenue,0.0,0.0,0.0,0,2,2.0,none,Single Family Detached,Bungalow,Single Family Detached,740,60.39
2025-06-25,Summer,b0b039b40d,Transcona,418 Regent Avenue,0.0,0.0,0.0,0,2,2.0,none,Single Family Detached,Bungalow,Single Family Detached,702,0.0
2025-06-25,Summer,e573ac6cc9,Transcona,1105 Day Street,0.0,0.0,0.0,0,2,2.0,none,Single Family Detached,Bi-Level,Single Family Detached,900,65.03
2025-06-25,Summer,257e679c2b,Transcona,62 North Meadow Drive,0.0,0.0,0.0,0,3,2.0,none,Single Family Detached,Bungalow,Single Family Detached,1040,83.61
2025-06-25,Summer,034e01ce27,Transcona,800 Madeline Street,0.0,0.0,0.0,0,2,1.0,none,Single Family Detached,One and a Half,Single Family Detached,930,0.0
2025-06-25,Summer,27a0c78dbf,Transcona,335 Ravelston Avenue,0.0,0.0,0.0,0,2,1.0,none,Single Family Detached,Bungalow,Single Family Detached,660,0.0
2025-06-25,Summer,00924b12c1,Transcona,605 Bond Street,0.0,0.0,0.0,0,3,1.5,none,Single Family Detached,,Single Family Detached,1080,0.0
2025-06-25,Summer,73cbbb815b,Transcona,719 Kildare Avenue,0.0,0.0,0.0,0,3,2.0,none,Single Family Detached,Bungalow,Single Family Detached,1110,0.0
2025-06-25,Summer,d111d6abf2,Transcona,523 Yale Avenue,3352.0,319900.0,95.44,0,3,1.0,none,Single Family Detached,Bungalow,Single Family Detached,1018,0.0
2025-06-25,Summer,ab699017ea,Transcona,309 Rosseau Avenue,3377.0,299900.0,88.81,0,3,2.0,Parking pad,Single Family Detached,Bungalow,Single Family Detached,990,0.0
2025-06-25,Summer,4765a3732a,Transcona,135 Victoria Avenue,0.0,0.0,0.0,0,2,1.0,none,Single Family Detached,Bungalow,Single Family Detached,1016,0.0
2025-06-25,Summer,be33089c33,Transcona,341 Edward Avenue,0.0,0.0,0.0,0,3,1.0,none,Single Family Detached,Bungalow,Single Family Detached,960,0.0
2025-06-25,Summer,eaf70782db,Transcona,904 Madeline Street,2576.0,215000.0,83.46,0,2,1.0,Parking pad,Single Family Detached,Bungalow,Single Family Detached,705,0.0
2025-06-25,Summer,9e42f0313c,Transcona,309 McMeans Avenue,0.0,0.0,0.0,0,3,2.0,none,Single Family Detached,Bungalow,Single Family Detached,1040,0.0
2025-06-25,Summer,6f81af1b49,Transcona,415 Victoria Avenue,2328.0,139900.0,60.09,0,2,1.0,none,Single Family Detached,Bungalow,Single Family Detached,719,0.0
2025-06-25,Summer,dd28f4c5c0,Transcona,543 Harvard Avenue,0.0,0.0,0.0,0,3,1.0,none,Single Family Detached,Bungalow,Single Family Detached,896,0.0
2025-06-25,Summer,66716f11ea,Transcona,90 Romance Lane,4778.0,499900.0,104.63,0,3,2.0,none,Single Family Detached,Two Storey,Single Family Attached,1378,0.0
2025-06-25,Summer,eb482f4055,Transcona,364 Dowling Avenue,0.0,0.0,0.0,0,3,2.0,none,Single Family Detached,Bungalow,Single Family Detached,960,83.61
2025-06-25,Summer,cf1d356238,Transcona,31 Nevens Bay,4586.0,539900.0,117.73,0,3,3.0,none,Single Family Detached,Cab-Over,Single Family Detached,1508,0.0
2025-06-25,Summer,3d1c800262,Transcona,483 McMeans Avenue,0.0,0.0,0.0,0,2,2.0,none,Single Family Detached,Bungalow,Single Family Detached,916,37.16
2025-06-25,Summer,b593d78afa,Transcona,331 Edward Avenue,3297.0,359900.0,109.16,0,2,2.0,none,Single Family Detached,Bi-Level,Single Family Detached,1047,83.61
2025-06-25,Summer,f9fc9e04ed,Transcona,180 Allenby Crescent,0.0,0.0,0.0,0,3,2.0,none,Single Family Detached,Bungalow,Single Family Detached,988,0.0
2025-06-25,Summer,a9c01d33b5,Transcona,130 Whitehall Boulevard,0.0,0.0,0.0,0,3,1.5,none,Single Family Detached,Bungalow,Single Family Detached,988,0.0
2025-06-25,Summer,42ac700506,Transcona,30 Corliss Crescent,3811.0,389900.0,102.31,0,3,1.5,none,Single Family Detached,Two Storey,Single Family Detached,1200,0.0
2025-06-25,Summer,08bd829a2a,Transcona,475 Widlake Street,3681.0,419800.0,114.05,0,4,1.5,none,Single Family Detached,,Single Family Detached,1501,69.68
2025-06-25,Summer,1fc0015fed,Transcona,36 Camrose Bay,3606.0,399900.0,110.9,0,2,2.0,none,Single Family Detached,Bungalow,Single Family Detached,996,0.0
2025-06-25,Summer,7d05dedd9d,Transcona,51 Shadyside Drive,0.0,0.0,0.0,0,2,2.0,none,Single Family Detached,Bi-Level,Single Family Detached,746,0.0
2025-06-25,Summer,bf6421b371,Transcona,407 Victoria Avenue,0.0,0.0,0.0,0,2,1.0,none,Single Family Detached,Bungalow,Single Family Detached,645,0.0
2025-06-25,Summer,40c35a8120,Transcona,50 Millbrook Lane,3215.0,359900.0,111.94,0,2,1.5,none,Single Family Detached,Bi-Level,Single Family Detached,814,0.0
2025-06-25,Summer,33f83b5f10,Transcona,3 Tunbridge Bay,0.0,0.0,0.0,0,3,2.0,none,Single Family Detached,Bungalow,Single Family Detached,916,0.0
2025-06-25,Summer,49e1bbbd32,Transcona,14 Northcliffe Drive,3242.0,299900.0,92.5,0,2,2.0,Parking pad,Single Family Detached,Bi-Level,Single Family Detached,847,0.0
2025-06-25,Summer,58304fb7c8,Transcona,324 Thom Avenue,0.0,0.0,0.0,0,3,2.0,none,Single Family Detached,Bungalow,Single Family Detached,864,0.0
2025-06-25,Summer,9e523782e4,Transcona,6 Tom Nichols Place,3704.0,369900.0,99.87,0,3,2.0,none,Single Family Detached,Bungalow,Single Family Detached,1380,0.0
2025-06-25,Summer,52f4290613,Transcona,80 Fairview Drive,3431.0,319900.0,93.24,0,3,1.5,none,Single Family Detached,Two Storey,Single Family Detached,1272,0.0
2025-06-25,Summer,aa4daa28cd,Transcona,127 Nevens Bay,0.0,0.0,0.0,0,4,3.5,none,Single Family Detached,Two Storey,Single Family Detached,2309,0.0
2025-06-25,Summer,109636825e,Transcona,8 hominick Place,1.0,459900.0,459900.0,0,3,2.5,none,Single Family Detached,Two Storey,Single Family Attached,1397,0.0
2025-06-25,Summer,57a2495213,Transcona,39 Altomare Place,0.0,0.0,0.0,0,3,2.5,none,Single Family Detached,Two Storey,Single Family Detached,1339,0.0
2025-06-25,Summer,9f048aed28,Transcona,156 Dowling Avenue,0.0,0.0,0.0,0,2,2.0,none,Single Family Detached,Bi-Level,Single Family Attached,688,0.0
2025-06-25,Summer,284f220c3b,Transcona,6 Regina Place,0.0,0.0,0.0,0,3,1.5,none,Single Family Detached,,Single Family Detached,1388,31.59
2025-06-25,Summer,124eacf895,Transcona,"10 Double Attached, Front Drive",0.0,579900.0,0.0,0,3,2.0,none,Single Family Detached,,,105,0.0
2025-06-25,Summer,f3fb84401a,Transcona,108 William Gibson Bay,0.0,0.0,0.0,0,3,3.0,none,Single Family Detached,Cab-Over,Single Family Detached,1517,0.0
2025-06-25,Summer,f0aeefd930,Transcona,88 Wynford Drive,0.0,0.0,0.0,0,2,2.0,none,Single Family Detached,Bi-Level,Single Family Attached,720,0.0
2025-06-25,Summer,35bd2909dd,Transcona,4 hominick Place,1.0,459900.0,459900.0,0,3,2.5,"attached, single",Single Family Detached,Two Storey,Single Family Attached,1410,0.0
2025-06-25,Summer,7b80f843f9,Transcona,556 McMeans Avenue,0.0,0.0,0.0,0,3,2.0,none,Single Family Detached,Bungalow,Single Family Detached,833,0.0
2025-06-25,Summer,1f49ab54f9,Transcona,91 Tunbridge Bay,0.0,0.0,0.0,0,3,1.5,none,Single Family Detached,,Single Family Detached,1008,0.0
2025-06-25,Summer,e3eb39f04b,Transcona,233 Melrose Avenue,2902.0,299900.0,103.34,0,3,1.0,none,Single Family Detached,One and a Half,Single Family Detached,1040,0.0
2025-06-25,Summer,52fa06287b,Transcona,26 St Martin Boulevard,0.0,0.0,0.0,0,2,2.0,none,Single Family Detached,Bungalow,Single Family Detached,954,0.0
2025-06-25,Summer,6dfb1cb2e9,Transcona,79 Desrosiers Drive,3376.0,299900.0,88.83,0,3,3.0,none,Single Family Detached,Bungalow,Single Family Detached,1254,109.63
2025-06-25,Summer,ebb5e7289c,Transcona,264 Alex Taylor Drive,0.0,0.0,0.0,0,2,1.5,none,Single Family Detached,Bi-Level,Single Family Detached,680,60.39
2025-06-25,Summer,7b4a6eaef7,Transcona,400 Regent Avenue,0.0,0.0,0.0,0,3,1.5,none,Single Family Detached,Two Storey,Single Family Attached,1029,0.0
2025-06-25,Summer,cf9dc98c7f,Transcona,215 Regent Avenue,0.0,0.0,0.0,0,3,1.0,none,Single Family Detached,One and a Half,Single Family Detached,980,0.0
2025-06-25,Summer,2f49ba90d6,Transcona,141 Emberwell Street,0.0,0.0,0.0,0,3,2.5,none,Single Family Detached,Two Storey,Townhouse,1327,0.0
2025-06-25,Summer,f1da6ddc2e,Transcona,120 Hominick Place,0.0,0.0,0.0,0,3,2.5,none,Single Family Detached,Two Storey,Single Family Attached,1404,0.0
2025-06-25,Summer,d1157c5ec7,Transcona,458 Desrosiers Drive,0.0,0.0,0.0,0,4,3.0,none,Single Family Detached,Two Storey,Single Family Detached,1648,0.0
2025-06-25,Summer,b723abbeab,Transcona,145 Emberwell Street,5308.0,549900.0,103.6,0,3,2.5,"Parking pad, rear drive",Single Family Detached,Two Storey,Townhouse,1327,0.0
2025-06-25,Summer,4a69d068c2,Transcona,324 Yale Avenue,0.0,0.0,0.0,0,2,1.0,none,Single Family Detached,,Single Family Detached,960,0.0
2025-06-25,Summer,8d1ba39ee7,Transcona,261 St Martin Boulevard,2382.0,149900.0,62.93,0,3,1.5,Parking pad,Single Family Detached,Two Storey,Single Family Attached,1080,0.0
2025-06-25,Summer,7c017e5c39,Transcona,270 Emberwell Street,0.0,0.0,0.0,0,4,3.0,none,Single Family Detached,Two Storey,Single Family Detached,1741,0.0
2025-06-25,Summer,0877171d02,Transcona,409 Desrosiers Drive,0.0,554800.0,0.0,0,3,2.5,none,Single Family Detached,Two Storey,Single Family Detached,1510,0.0
2025-06-25,Summer,3c09c970d5,Transcona,150 Kildare Avenue,2495.0,258900.0,103.77,0,2,1.0,none,Single Family Detached,Bungalow,Single Family Detached,817,0.0
2025-06-25,Summer,1ddd8cda5e,Transcona,453 DESROSIERS Drive,100.0,584745.0,5847.45,0,3,2.5,none,Single Family Detached,Two Storey,Single Family Detached,1864,0.0
2025-06-25,Summer,80a7fdae22,Transcona,104 Remi Claeys Crescent,4551.0,499900.0,109.84,0,3,3.0,none,Single Family Detached,Bungalow,Single Family Detached,1204,0.0
2025-06-25,Summer,682fb9eb84,Transcona,6 Paulley Drive,0.0,0.0,0.0,0,3,2.0,none,Single Family Detached,Bungalow,Single Family Detached,916,0.0
2025-06-25,Summer,d3725d903c,Transcona,56 Hominick Place,0.0,482900.0,0.0,0,3,2.5,none,Single Family Detached,Two Storey,Single Family Attached,1726,0.0
2025-06-25,Summer,f65c529ac3,Transcona,306 Emberwell Street,0.0,549900.0,0.0,0,4,3.0,"attached, double",Single Family Detached,Two Storey,Single Family Detached,1820,0.0
2025-06-25,Summer,8c23442586,Transcona,1 88 Renshaw Boulevard,0.0,0.0,0.0,0,3,2.5,none,Single Family Detached,Two Storey,"Single Family Detached,  Single Family Attached",1342,0.0
2025-06-25,Summer,6f2006b875,Transcona,365 Symington Road,7880.0,749900.0,95.16,0,2,3.0,none,Single Family Detached,Bungalow,Single Family Detached,1716,0.0
2025-06-25,Summer,26a1fd2f27,Riverview,186 Clarkleigh Crescent,0.0,0.0,0.0,0,3,2.5,none,Single Family Detached,Two Storey,Single Family Attached,1551,0.0
2025-06-25,Summer,855fffb46d,Riverview,190 Clarkleigh Crescent,0.0,0.0,0.0,0,3,2.5,none,Single Family Detached,Two Storey,Single Family Attached,1551,0.0
2025-06-25,Summer,bf5b2e0217,Riverview,167 Clarkleigh Crescent,0.0,488000.0,0.0,0,3,2.5,Parking pad,Single Family Detached,Two Storey,Single Family Detached,1381,0.0
2025-06-25,Summer,98f519fc69,Riverview,105 Clarkleigh Crescent,0.0,609294.0,0.0,0,3,2.5,"attached, double",Single Family Detached,Two Storey,Single Family Detached,1733,0.0
2025-06-25,Summer,a9929bafda,Riverview,175 Clarkleigh Crescent,0.0,394900.0,0.0,0,3,2.5,"Parking pad, plug-in",Single Family Detached,Two Storey,Single Family Detached,1389,0.0
2025-06-25,Summer,f64dbb9db9,Riverview,109 Clarkleigh Crescent,0.0,0.0,0.0,0,3,2.5,none,Single Family Detached,Two Storey,Single Family Detached,1370,0.0
2025-06-25,Summer,9c8c60e3ea,Riverview,90 Clarkleigh Crescent,4800.0,609000.0,126.88,0,3,2.5,Parking pad,Single Family Detached,Two Storey,Single Family Attached,1551,0.0
2025-06-25,Summer,bf817afef4,Riverview,27 Clarkleigh Crescent,0.0,0.0,0.0,0,3,2.5,"attached, single",Single Family Detached,Two Storey,Single Family Detached,1391,0.0
2025-06-25,Summer,594f03d104,Garden City,1133 Diplomat Drive,5557.0,489900.0,88.16,0,4,2.5,none,Single Family Detached,"Bungalow, Two Storey",Single Family Detached,1935,0.0
2025-06-25,Summer,056f9575eb,Garden City,114 Darbrett Bay,6013.0,599000.0,99.62,0,3,3.5,none,Single Family Detached,"Bungalow, Two Storey",Single Family Detached,1821,0.0
2025-06-25,Summer,6bd716d0b8,Garden City,28 Ambergate Drive,6139.0,638000.0,103.93,0,3,2.5,none,Single Family Detached,Two Storey,Single Family Detached,2194,0.0
2025-06-25,Summer,543b85b27a,Garden City,94 Strasbourg Drive,6140.0,599900.0,97.7,0,3,3.0,none,Single Family Detached,Cab-Over,Single Family Detached,1682,0.0
2025-06-25,Summer,4c1b6fa6e7,Garden City,76 Ambergate Drive,0.0,0.0,0.0,0,3,2.5,none,Single Family Detached,Two Storey,Single Family Detached,2434,92.9
2025-06-25,Summer,fdeb36c428,Garden City,11 Nurgitz Bay,5616.0,499900.0,89.01,0,4,2.5,none,Single Family Detached,"Bungalow, Two Storey",Single Family Detached,1880,0.0
2025-06-25,Summer,0d7bee6749,Garden City,264 Thorn Drive,0.0,0.0,0.0,0,5,2.5,none,Single Family Detached,Two Storey,Single Family Detached,2257,0.0
2025-06-25,Summer,e4c1f7b1c9,Garden City,3002 Sinclair Street,0.0,0.0,0.0,0,3,2.0,none,Single Family Detached,Bungalow,Single Family Attached,900,0.0
2025-06-25,Summer,7c513962d4,Garden City,12 Brenner Bay,6350.0,619900.0,97.62,0,3,3.0,none,Single Family Detached,"Bungalow, Bi-Level",Single Family Detached,1743,139.35
2025-06-25,Summer,4bad141afc,Garden City,917 Beecher Avenue,0.0,0.0,0.0,0,3,2.0,none,Single Family Detached,Bungalow,Single Family Detached,1076,0.0
2025-06-25,Summer,48df1e423b,Garden City,43 Nurgitz Bay,5627.0,458000.0,81.39,0,3,3.0,none,Single Family Detached,Bungalow,Single Family Detached,1585,0.0
2025-06-25,Summer,4522290ba0,Garden City,2 Birchtree Place,3427.0,280000.0,81.7,0,3,1.5,none,Single Family Detached,Two Storey,Single Family Attached,950,0.0
2025-06-25,Summer,c8c79bca16,Garden City,3 Brenner Bay,0.0,0.0,0.0,0,3,3.0,none,Single Family Detached,Bungalow,Single Family Detached,1884,0.0
2025-06-25,Summer,dc502ef557,Garden City,60 Teakwood Avenue,0.0,0.0,0.0,0,3,2.0,none,Single Family Detached,Bungalow,Single Family Detached,1114,0.0
2025-06-25,Summer,f4084bd48e,Garden City,64 Gilia Drive,0.0,0.0,0.0,0,3,2.5,none,Single Family Detached,,Single Family Detached,1109,0.0
2025-06-25,Summer,1136ca074c,Garden City,22 Pearce Avenue,0.0,0.0,0.0,0,3,2.0,none,Single Family Detached,Bungalow,Single Family Detached,1085,0.0
2025-06-25,Summer,7195c0fccf,Garden City,57 Arrowwood Drive,4472.0,399999.0,89.45,0,3,2.0,none,Single Family Detached,Bungalow,Single Family Detached,1179,0.0
2025-06-25,Summer,352ff95e97,Garden City,96 Gilia Drive,0.0,0.0,0.0,0,3,2.0,none,Single Family Detached,Bungalow,Single Family Detached,1262,0.0
2025-06-25,Summer,fbb7a9bb47,Garden City,812 Airlies Street,0.0,0.0,0.0,0,3,1.5,none,Single Family Detached,Bungalow,Single Family Detached,1031,0.0
2025-06-25,Summer,3195c023be,Garden City,6 Hillhouse Road,5518.0,449900.0,81.53,0,4,3.0,none,Single Family Detached,,Single Family Detached,2416,0.0
2025-06-25,Summer,5f5474290e,Garden City,11 Aster Avenue,4454.0,349800.0,78.54,0,2,2.0,none,Single Family Detached,Bungalow,Single Family Detached,1090,0.0
2025-06-25,Summer,f97680edc3,Garden City,135 Arrowwood Drive,0.0,0.0,0.0,0,4,1.5,none,Single Family Detached,Two Storey,Single Family Detached,1674,0.0
2025-06-25,Summer,6e27993d07,Garden City,26 Morrison Street,1782.0,424900.0,238.44,0,3,1.5,none,Single Family Detached,Bungalow,Single Family Detached,1148,0.0
2025-06-25,Summer,041cd08b22,Garden City,60 Verbena Street,5000.0,449900.0,89.98,0,3,2.5,none,Single Family Detached,Bungalow,Single Family Detached,1416,0.0
2025-06-25,Summer,4e5ffd5e92,Garden City,828 Airlies Street,4110.0,349900.0,85.13,0,3,2.0,"Parking pad, plug-in",Single Family Detached,Bungalow,Single Family Detached,1198,0.0
2025-06-25,Summer,7ba21534c2,Garden City,96 Teakwood Avenue,0.0,0.0,0.0,0,3,1.0,none,Single Family Detached,Bungalow,Single Family Detached,1035,0.0
2025-06-25,Summer,9d4fcded15,Garden City,30 Morrison Street,0.0,0.0,0.0,0,3,2.0,none,Single Family Detached,Bungalow,Single Family Detached,1190,0.0
2025-06-25,Summer,dfff6bb7c3,Garden City,19 Peony Avenue,0.0,0.0,0.0,0,3,3.0,none,Single Family Detached,Bungalow,Single Family Detached,1275,0.0
2025-06-25,Summer,640ef8dff3,Garden City,19 PAYNE Street,4347.0,360000.0,82.82,0,3,2.0,none,Single Family Detached,Bungalow,Single Family Detached,1067,83.61
2025-06-25,Summer,dc0d37ae5e,Garden City,66 Woodcrest Drive,0.0,0.0,0.0,0,3,2.0,none,Single Family Detached,Bungalow,Single Family Detached,1304,0.0
2025-06-25,Summer,c8932fdfe0,Garden City,9 Grandcrest Street,5018.0,479900.0,95.64,0,3,2.5,none,Single Family Detached,Bungalow,Single Family Detached,1830,0.0
2025-06-25,Summer,f48621ccf1,Garden City,981 Airlies Street,0.0,0.0,0.0,0,3,3.0,none,Single Family Detached,Bungalow,Single Family Detached,1533,0.0
2025-06-25,Summer,8901a3e1f7,Garden City,679 Sinclair Street,3494.0,394900.0,113.02,0,3,2.0,Parking pad,Single Family Detached,Bungalow,Single Family Detached,1020,0.0
2025-06-25,Summer,ec80f1e037,West End,22 Hazelton Drive,0.0,0.0,0.0,0,3,2.5,none,Single Family Detached,Two Storey,Single Family Attached,1533,0.0
2025-06-25,Summer,1378fa42e0,West End,563 Spence Street,4516.0,459900.0,101.84,0,5,2.5,none,Single Family Detached,Two Storey,Single Family Detached,1632,0.0
2025-06-25,Summer,1249c44c32,West End,278 Langside Street,0.0,0.0,0.0,0,4,1.5,none,Single Family Detached,,Single Family Detached,1700,0.0
2025-06-25,Summer,5051c3fb9e,West End,280 Beverley Street,0.0,0.0,0.0,0,2,1.0,none,Single Family Detached,Bungalow,Single Family Detached,862,0.0
2025-06-25,Summer,227f9f53ad,West End,394 TORONTO Street,0.0,0.0,0.0,0,3,2.0,none,Single Family Detached,One and a Half,Single Family Detached,1099,0.0
2025-06-25,Summer,aa1926fac0,West End,695 Home Street,0.0,0.0,0.0,0,3,1.5,none,Single Family Detached,Two Storey,Single Family Detached,1405,0.0
2025-06-25,Summer,51210686b4,West End,649 Langside Street,0.0,0.0,0.0,0,2,1.5,none,Single Family Detached,Two Storey,Townhouse,896,0.0
2025-06-25,Summer,cc08d90835,West End,645 Agnes Street,0.0,0.0,0.0,0,5,2.0,none,Single Family Detached,,Single Family Detached,1850,0.0
2025-06-25,Summer,02e25146f7,West End,564 Simcoe Street,0.0,0.0,0.0,0,3,1.0,none,Single Family Detached,,Single Family Detached,1233,0.0
2025-06-25,Summer,f5ccbcd669,West End,289 Simcoe Street,2610.0,239900.0,91.92,0,3,1.5,none,Single Family Detached,Two Storey,Single Family Detached,1102,0.0
2025-06-25,Summer,737f0bf5c4,West End,690 Home Street,2601.0,209900.0,80.7,25,3,2.0,rear drive,Single Family Detached,Two Storey,Single Family Detached,1159,0.0
2025-06-25,Summer,38bc311958,West End,415 Simcoe Street,0.0,0.0,0.0,0,4,1.5,none,Single Family Detached,,Single Family Detached,1232,0.0
2025-06-25,Summer,e7be0fbc94,West End,861 Winnipeg Avenue,2192.0,259900.0,118.57,0,3,1.0,none,Single Family Detached,Bungalow,Single Family Detached,1123,0.0
2025-06-25,Summer,4746831671,West End,383 Victor Street,1680.0,279999.0,166.67,30,4,1.5,"detached, single",Single Family Detached,,Single Family Detached,1890,46.45
2025-06-25,Summer,06653fe0a9,West End,379 Victor Street,0.0,0.0,0.0,0,3,1.5,none,Single Family Detached,,Single Family Detached,1232,0.0
2025-06-25,Summer,a1ae648225,West End,558 Maryland Street,3025.0,235000.0,77.69,0,6,3.0,none,Single Family Detached,,Single Family Detached,2090,0.0
2025-06-25,Summer,d2796256a6,West End,740 Beverley Street,0.0,0.0,0.0,0,4,2.5,none,Single Family Detached,,Single Family Detached,1153,0.0
2025-06-25,Summer,0927e8d9ca,West End,764 Home Street,0.0,0.0,0.0,0,3,2.0,none,Single Family Detached,,Single Family Detached,1510,0.0
2025-06-25,Summer,3e8f07b13c,West End,635 Maryland Street,0.0,0.0,0.0,0,3,1.0,none,Single Family Detached,Two Storey,Single Family Detached,1249,0.0
2025-06-25,Summer,7e25b67445,West End,427 Home Street,0.0,0.0,0.0,0,3,3.0,none,Single Family Detached,One and a Half,Single Family Detached,1168,0.0
2025-06-25,Summer,52524ca62f,West End,623 Langside Street,0.0,0.0,0.0,0,3,2.5,none,Single Family Detached,Two Storey,Single Family Detached,1056,0.0
2025-06-25,Summer,04ec5de6a4,West End,472 Arlington Street,2596.0,174900.0,67.37,0,2,1.5,none,Single Family Detached,Bungalow,Single Family Detached,848,0.0
2025-06-25,Summer,25b021ca1e,West End,678 Agnes Street,2655.0,129900.0,48.93,0,4,2.0,none,Single Family Detached,Two Storey,Single Family Detached,1208,0.0
2025-06-25,Summer,0027af539f,West End,358 Agnes Street,0.0,0.0,0.0,0,2,2.0,none,Single Family Detached,Bungalow,Single Family Detached,970,0.0
2025-06-25,Summer,439ee2ac11,West End,485 Maryland Street,2539.0,214900.0,84.64,0,5,2.0,none,Single Family Detached,Two Storey,Single Family Detached,1218,0.0
2025-06-25,Summer,7a942058e0,West End,260 Langside Street,4084.0,339900.0,83.23,33,8,4.0,"detached, single",Single Family Detached,,Single Family Detached,2408,0.0
2025-06-25,Summer,b2241fe84a,West End,542 Furby Street,2852.0,199900.0,70.09,0,3,1.5,none,Single Family Detached,Bungalow,Single Family Detached,1000,0.0
2025-06-25,Summer,c090fdc491,West End,507 Sherbrook Street,0.0,0.0,0.0,0,4,3.0,none,Single Family Detached,,Single Family Detached,1670,0.0
2025-06-25,Summer,7103f61a93,West End,475 Home Street,0.0,0.0,0.0,0,3,2.0,Parking pad,Single Family Detached,,Single Family Detached,1312,0.0
2025-06-25,Summer,d9ca706952,West End,125 Spence Street,0.0,0.0,0.0,0,5,2.0,none,Single Family Detached,,Single Family Detached,2453,0.0
2025-06-25,Summer,a3ccf8855b,West End,226 Young Street,0.0,0.0,0.0,0,3,0.5,none,Single Family Detached,,Single Family Detached,1800,0.0
2025-06-25,Summer,e73640a43e,West End,443 Greenwood Place,0.0,0.0,0.0,0,4,2.5,none,Single Family Detached,,Single Family Detached,2144,0.0
2025-06-25,Summer,faef78fe81,West End,1241 Dominion Street,0.0,0.0,0.0,0,3,1.5,none,Single Family Detached,,Single Family Detached,1047,0.0
2025-06-25,Summer,7e4d0a01e1,West End,644 Garfield Street,0.0,0.0,0.0,0,3,1.5,none,Single Family Detached,One and a Half,Single Family Detached,1352,0.0
2025-06-25,Summer,a0d49fbabd,West End,899 Goulding Street,0.0,0.0,0.0,0,2,1.0,none,Single Family Detached,Bungalow,Single Family Detached,668,0.0
2025-06-25,Summer,cc420b7eee,West End,624 Spruce Street,0.0,0.0,0.0,0,2,1.0,none,Single Family Detached,Bungalow,Single Family Detached,877,0.0
2025-06-25,Summer,9f424312d7,West End,936 Spruce Street,333.0,299900.0,900.6,0,2,1.5,none,Single Family Detached,,Single Family Detached,1165,0.0
2025-06-25,Summer,5cef4c177f,West End,1038 Sherburn Street,0.0,0.0,0.0,0,3,1.0,none,Single Family Detached,Two Storey,Single Family Detached,1245,0.0
2025-06-25,Summer,4fa1506fb0,West End,1065 Ashburn Street,0.0,0.0,0.0,0,3,2.0,none,Single Family Detached,Bungalow,Single Family Detached,716,66.52
2025-06-25,Summer,feb01e6123,West End,852 Valour Road,0.0,0.0,0.0,0,2,1.0,none,Single Family Detached,Bungalow,Single Family Detached,660,37.16
2025-06-25,Summer,def9af918f,West End,1080 Downing Street,3099.0,299900.0,96.77,0,2,1.0,Parking pad,Single Family Detached,Bungalow,Single Family Detached,784,0.0
2025-06-25,Summer,0102ef2045,West End,971 Banning Street,2501.0,289800.0,115.87,0,3,2.0,none,Single Family Detached,,Single Family Detached,1210,0.0
2025-06-25,Summer,c9ea2c08bf,West End,1090 Spruce Street,0.0,0.0,0.0,0,2,1.0,none,Single Family Detached,Bungalow,Single Family Detached,852,0.0
2025-06-25,Summer,06e1bcf7db,West End,745 Valour Road,0.0,0.0,0.0,0,2,1.0,none,Single Family Detached,Bungalow,Single Family Detached,804,0.0
2025-06-25,Summer,046b476a7d,West End,626 Goulding Street,0.0,0.0,0.0,0,2,1.5,none,Single Family Detached,Bungalow,Single Family Detached,714,0.0
2025-06-25,Summer,d6aef6fb01,West End,1201 Clifton Street,0.0,0.0,0.0,0,3,1.5,none,Single Family Detached,,Single Family Detached,1060,0.0
2025-06-25,Summer,7ff79fdb12,West End,1103 Strathcona Street,0.0,0.0,0.0,0,2,2.0,none,Single Family Detached,Bungalow,Single Family Detached,864,0.0
2025-06-25,Summer,eda2c8c948,West End,570 Clifton Street,0.0,0.0,0.0,0,2,1.0,none,Single Family Detached,Bungalow,Single Family Detached,792,0.0
2025-06-25,Summer,c92ee2d3da,West End,466 Banning Street,0.0,0.0,0.0,0,3,2.0,none,Single Family Detached,Two Storey,Single Family Detached,1232,0.0
2025-06-25,Summer,08335eb30e,West End,858 Ingersoll Street,0.0,0.0,0.0,0,2,1.0,none,Single Family Detached,Bungalow,Single Family Detached,770,22.3
2025-06-25,Summer,125998d932,West End,673 Alverstone Street,2172.0,173500.0,79.88,0,2,1.0,Parking pad,Single Family Detached,Bungalow,Single Family Detached,644,0.0
2025-06-25,Summer,a6bda858e2,West End,587 Minto Street,0.0,0.0,0.0,0,2,1.0,none,Single Family Detached,Bungalow,Single Family Attached,616,0.0
2025-06-25,Summer,71876f0455,West End,585 Clifton Street,0.0,0.0,0.0,0,3,2.0,none,Single Family Detached,Two Storey,Single Family Detached,1454,0.0
2025-06-25,Summer,f2a4c61962,West End,660 Strathcona Street,3262.0,274900.0,84.27,0,4,1.0,Parking pad,Single Family Detached,,Single Family Detached,1912,0.0
2025-06-25,Summer,2273f96dc7,West End,584 Arlington Street,2560.0,189900.0,74.18,0,3,2.0,Parking pad,Single Family Detached,,Single Family Detached,1180,0.0
2025-06-25,Summer,57528251f1,West End,1336 Erin Street,2312.0,179900.0,77.81,0,2,1.0,"Parking pad, plug-in, rear drive",Single Family Detached,Bungalow,Single Family Detached,670,0.0
2025-06-25,Summer,d8f075c74d,West End,1111 Garfield Street,3180.0,259900.0,81.73,0,2,2.0,none,Single Family Detached,Bungalow,Single Family Detached,768,0.0
2025-06-25,Summer,3c47d25616,West End,358 Lipton Street,2648.0,214900.0,81.16,0,2,1.0,none,Single Family Detached,Bungalow,Single Family Detached,730,0.0
2025-06-25,Summer,180c2cee66,St James,331 Albany Street,3703.0,359900.0,97.19,0,3,2.0,none,Single Family Detached,One and a Half,Single Family Detached,1167,0.0
2025-06-25,Summer,c58fdb160d,St James,421 Winchester Street,0.0,0.0,0.0,0,2,2.0,none,Single Family Detached,Bungalow,Single Family Detached,962,0.0
2025-06-25,Summer,c2d4e5d3e9,St James,323 Berry Street,0.0,0.0,0.0,0,4,2.0,none,Single Family Detached,One and a Half,Single Family Detached,1103,0.0
2025-06-25,Summer,89e3567d6a,St James,111 Garden Road,0.0,0.0,0.0,0,3,2.0,none,Single Family Detached,,Single Family Detached,1407,0.0
2025-06-25,Summer,92430e521d,St James,384 Hampton Street,4170.0,449900.0,107.89,0,2,2.0,none,Single Family Detached,Bi-Level,Single Family Detached,920,0.0
2025-06-25,Summer,9b7f9c8c4e,St James,374 Inglewood Street,0.0,0.0,0.0,0,3,2.0,none,Single Family Detached,Bungalow,Single Family Detached,1303,92.9
2025-06-25,Summer,0c10bb5459,St James,378 Hampton Street,0.0,0.0,0.0,0,4,2.0,none,Single Family Detached,One and a Half,Single Family Detached,1142,0.0
2025-06-25,Summer,9a8859a404,St James,407 King Edward Street,0.0,0.0,0.0,0,2,2.0,none,Single Family Detached,One and a Half,Single Family Detached,884,0.0
2025-06-25,Summer,fb04b0ddcb,St James,415 Roseberry Street,2779.0,209900.0,75.53,0,2,1.0,none,Single Family Detached,Bungalow,Single Family Detached,680,0.0
2025-06-25,Summer,67ac2e2f74,St James,244 Sackville Street,0.0,0.0,0.0,0,2,2.0,none,Single Family Detached,Bungalow,Single Family Detached,1055,0.0
2025-06-25,Summer,c6c38b39b3,St James,223 Roseberry Street,3580.0,299900.0,83.77,0,2,2.0,none,Single Family Detached,Bungalow,Single Family Detached,1296,0.0
2025-06-25,Summer,c7cba95279,St James,109 Riverbend Crescent,2607.0,199900.0,76.68,0,2,1.0,none,Single Family Detached,Bungalow,Single Family Detached,783,0.0
2025-06-25,Summer,4dce5bf6d0,St James,409 Collegiate Street,2372.0,249900.0,105.35,0,2,1.0,Parking pad,Single Family Detached,Bungalow,Single Family Detached,715,0.0
2025-06-25,Summer,b048ea798c,St James,376 Sackville Street,0.0,0.0,0.0,0,3,3.0,none,Single Family Detached,Bungalow,Single Family Detached,1299,0.0
2025-06-25,Summer,32aaf20c8a,St James,352 Parkview Street,0.0,0.0,0.0,0,2,2.0,none,Single Family Detached,Bi-Level,Single Family Detached,900,0.0
2025-06-25,Summer,d8c8901a47,St James,410 Moorgate Street,0.0,0.0,0.0,0,3,2.0,none,Single Family Detached,One and a Half,Single Family Detached,1074,0.0
2025-06-25,Summer,5499f933b7,St James,233 Hampton Street,0.0,0.0,0.0,0,3,2.0,none,Single Family Detached,,Single Family Detached,1115,0.0
2025-06-25,Summer,1be5372686,St James,314 Moorgate Street,0.0,0.0,0.0,0,3,2.0,none,Single Family Detached,One and a Half,Single Family Detached,1020,0.0
2025-06-25,Summer,340493d9a8,St James,286 Parkview Street,0.0,0.0,0.0,0,2,1.5,none,Single Family Detached,One and a Half,Single Family Detached,957,0.0
2025-06-25,Summer,fba0161ff5,St James,222 Berry Street,0.0,0.0,0.0,0,2,2.0,none,Single Family Detached,Bungalow,Single Family Detached,775,0.0
2025-06-25,Summer,f12a3319c1,St James,380 Ferry Road,0.0,0.0,0.0,0,2,1.0,none,Single Family Detached,Bungalow,Single Family Detached,675,0.0
2025-06-25,Summer,8ff594e8cb,St James,292 Queen Street,0.0,0.0,0.0,0,3,1.0,none,Single Family Detached,One and a Half,Single Family Detached,835,0.0
2025-06-25,Summer,cfcf355070,St James,286 Inglewood Street,0.0,0.0,0.0,0,2,1.0,none,Single Family Detached,Bungalow,Single Family Detached,700,0.0
2025-06-25,Summer,9f107aa2b6,St James,282 Hampton Street,0.0,0.0,0.0,0,2,1.0,none,Single Family Detached,,Single Family Detached,1320,0.0
2025-06-25,Summer,d3c6d8ff86,St James,234 Albany Street,0.0,0.0,0.0,0,2,1.0,none,Single Family Detached,Bungalow,Single Family Detached,736,19.23
2025-06-25,Summer,c4b833ca1d,St James,354 Kensington Street,2041.0,184000.0,90.15,0,3,1.0,none,Single Family Detached,Bungalow,Single Family Detached,742,0.0
2025-06-25,Summer,7ed89c49e8,St James,200 Parkview Street,0.0,0.0,0.0,0,3,2.0,none,Single Family Detached,Two Storey,Single Family Detached,1400,0.0
